Workbook

Sheet 指标统计
A1: 尚桐数据 | B1: 指标类型 | E1: 年份 | F1: 累计 | G1: 1月 | H1: 2月 | I1: 3月 | J1: 4月 | K1: 5月 | L1: 6月 | M1: 7月 | N1: 8月 | O1: 9月 | P1: 10月 | Q1: 11月 | R1: 12月
B2: 安全事故量 | E2: 2024 | F2: 112 | G2: 18 | H2: 19 | I2: 18 | J2: 30 | K2: 27 | L2: 32 | M2: 33 | N2: 50 | O2: 37 | P2: 42 | Q2: 45 | R2: 41
E3: 2025 | F3: 126 | G3: 20 | H3: 31 | I3: 32 | J3: 18 | K3: 25
B4: 二十万工时事故率 | E4: 2024 | F4: 0.63 | G4: 0.36 | H4: 0.24 | I4: 0.52 | J4: 0.56 | K4: 0.62 | L4: 0.67 | M4: 0.65 | N4: 0.97 | O4: 0.68 | P4: 0.72 | Q4: 0.7 | R4: 0.72
E5: 2025 | F5: 0.36 | G5: 0.37 | H5: 0.46 | I5: 0.22
A7: 新数据 | B7: 指标类型 | C7: 应用标准：健康度唯独 | E7: 年份 | F7: 累计 | G7: 1月 | H7: 2月 | I7: 3月 | J7: 4月 | K7: 5月 | L7: 6月 | M7: 7月 | N7: 8月 | O7: 9月 | P7: 10月 | Q7: 11月 | R7: 12月 | S7: 汇总
B8: 安全事故量 | D8: 事故量 | E8: 2023 | F8: =SUM(G8:R8) -> 238 | G8: 18 | H8: 19 | I8: 18 | J8: 30 | K8: 21 | L8: 13 | M8: 19 | N8: 15 | O8: 16 | P8: 20 | Q8: 22 | R8: 27 | S8: =SUM(G8:R8) -> 238
E9: 2024 | F9: =SUM(G9:R9) -> 325 | G9: 18 | H9: 7 | I9: 20 | J9: 28 | K9: 30 | L9: 34 | M9: 26 | N9: 37 | O9: 27 | P9: 34 | Q9: 34 | R9: 30 | S9: =SUM(G9:R9) -> 325
E10: 2025 | F10: =SUM(G10:R10) -> 319 | G10: 22 | H10: 33 | I10: 29 | J10: 18 | K10: 25 | L10: 27 | M10: 28 | N10: 27 | O10: 36 | P10: 25 | Q10: 29 | R10: 20 | S10: =SUM(G10:R10) -> 319
B11: 工时 | D11: 工时 | E11: 2023 | F11: =SUM(G11:R11) -> 120340705 | G11: 6437440 | H11: 8549416 | I11: 9292640 | J11: 8853608 | K11: 9523512 | L11: 9804424 | M11: 9526752 | N11: 9467864 | O11: 10293752 | P11: 10506432 | Q11: 10893336 | R11: 17191529 | S11: =SUM(G11:R11) -> 120340705
E12: 2024 | F12: =SUM(G12:R12) -> 154976190 | G12: 13029750 | H12: 8207940 | I12: 12868270 | J12: 11989600 | K12: 12929950 | L12: 13047930 | M12: 13405790 | N12: 13140000 | O12: 13144940 | P12: 14485140 | Q12: 14281280 | R12: 14445600 | S12: =SUM(G12:R12) -> 154976190
E13: 2025 | F13: =SUM(G13:R13) -> 164125910 | G13: 12020220 | H13: 11698910 | I13: 14024940 | J13: 13425850 | K13: 14214090 | L13: 14014220 | M13: 14428630 | N13: 14528510 | O13: 14658390 | P13: 15257950 | Q13: 15491820 | R13: 10362380 | S13: =SUM(G13:R13) -> 164125910
B14: 二十万工时事故率 | D14: 20万工时事故率 | E14: 2023 | F14: =F8/F11*200000 -> 0.39554364 | G14: =G8/G11*200000 -> 0.55922851 | H14: =H8/H11*200000 -> 0.4444748 | I14: =I8/I11*200000 -> 0.38740336 | J14: =J8/J11*200000 -> 0.67768982 | K14: =K8/K11*200000 -> 0.44101378 | L14: =L8/L11*200000 -> 0.26518641 | M14: =M8/M11*200000 -> 0.39887676 | ... S14: =S8/S11*200000 -> 0.39554364
E15: 2024 | F15: =F9/F12*200000 -> 0.41941927 | G15: =G9/G12*200000 -> 0.2762908 | H15: =H9/H12*200000 -> 0.17056655 | I15: =I9/I12*200000 -> 0.31084209 | J15: =J9/J12*200000 -> 0.46707146 | K15: =K9/K12*200000 -> 0.46403892 | L15: =L9/L12*200000 -> 0.52115546 | M15: =M9/M12*200000 -> 0.3878921 | ... S15: =S9/S12*200000 -> 0.41941927
E16: 2025 | F16: =F10/F13*200000 -> 0.38872595 | G16: =G10/G13*200000 -> 0.36604987 | H16: =H10/H13*200000 -> 0.56415512 | I16: =I10/I13*200000 -> 0.41354901 | J16: =J10/J13*200000 -> 0.26813945 | K16: =K10/K13*200000 -> 0.35176364 | L16: =L10/L13*200000 -> 0.38532291 | M16: =M10/M13*200000 -> 0.38811724 | ... S16: =S10/S13*200000 -> 0.38872595
C17: 数据截至12月20日 9月工时和12月工时为昆仑人员分析用工管理在职人数统计口径

Sheet 25年安全事故明细（1-12月）
A1: 序号 | B1: 姓名 | C1: 所属单位 | D1: 省区 | E1: 大区 | F1: 出险日期 | G1: 月份 | H1: 出险情况说明 | I1: 受伤部位 | J1: 事故详细类型 | K1: 判定依据 | L1: 判责 | M1: 主责任方 | N1: 事故费用 | O1: 是否考核中心 | P1: 健康度评价 | Q1: 备注 | R1: sto上报 | S1: OA上报
A2: 1 | B2: 李晓午 | C2: 福建泉州转运中心 | D2: 福建 | E2: =VLOOKUP(C2,#REF!,3,0) -> #REF! | F2: 45658 | G2: =MONTH(F2) -> 1 | H2: 员工梳堵过程中，被破损货物（内品，镰刀）割伤。 | I2: 血管断裂，部分肌腱断裂 | J2: 割伤类 | L2: 责任 | M2: 个人 | O2: 是 | P2: 否
A3: 2 | B3: 胡欢 | C3: 贵州贵阳转运中心 | D3: 贵州 | E3: =VLOOKUP(C3,#REF!,3,0) -> #REF! | F3: 45659 | G3: =MONTH(F3) -> 1 | H3: 白班员工胡欢(工号1190499）在自动化集包区域活动被滑槽的可活动的延伸装置夹到手 | I3: 手指损伤，指骨骨折 | J3: 机械类 | L3: 责任 | M3: 中心
A4: 3 | B4: 郑翠翠 | C4: 河北邯郸转运中心 | D4: 京津冀 | E4: =VLOOKUP(C4,#REF!,3,0) -> #REF! | F4: 45659 | G4: =MONTH(F4) -> 1 | H4: 25年1月2日晚22:01:53秒，DWS称重扫描员，郑翠翠1061712，在通过卸货口处理错分件，途中失足踩空，跌落摔伤。 | I4: 昏迷，有脑出血现象 | J4: 摔伤类 | L4: 责任 | M4: 个人
A5: 4 | B5: 赵年香 | C5: 湖南长沙转运中心 | D5: 湖南 | E5: =VLOOKUP(C5,#REF!,3,0) -> #REF! | F5: 45660 | G5: =MONTH(F5) -> 1 | H5: 2025年1月3日下午19：00左右，出港晚班班长赵年香（1023996，女，50岁）上班前往岗位途中在3F出港矩阵下方通道摔倒，立即送往长沙市中心医院检查 | I5: 左腕三角骨撕脱骨折 | J5: 摔伤类 | L5: 责任 | M5: 个人
A6: 5 | B6: 余森 | C6: 湖北武昌转运中心 | D6: 湖北 | E6: =VLOOKUP(C6,#REF!,3,0) -> #REF! | F6: 45661 | G6: =MONTH(F6) -> 1 | H6: 进港员工余森（工号1201343）拉回流件过程中右手不慎撞到矩阵线体立柱。 | I6: 右手掌裂伤，缝合2针，无骨拆 | J6: 撞伤类 | L6: 责任 | M6: 个人
A7: 6 | B7: 赵志雄 | C7: 四川南充转运中心 | D7: 川藏 | E7: =VLOOKUP(C7,#REF!,3,0) -> #REF! | F7: 45664 | G7: =MONTH(F7) -> 1 | H7: 破损处理员-赵志雄（1284171）协助三方邦友达对运营中的摆臂紧急抢修过程中，被复位摆臂夹伤手。 | I7: 右手指骨有轻微断离 | J7: 机械类 | L7: 责任 | M7: 三方
A8: 7 | B8: 杜兴旺 | C8: 河北保定转运中心 | D8: 京津冀 | E8: =VLOOKUP(C8,#REF!,3,0) -> #REF! | F8: 45665 | G8: =MONTH(F8) -> 1 | H8: 出港6号线装车杜兴旺（男，工号1297958）4点2分在装合肥车时不慎从伸缩机前端跌落，随后继续工作至6点员工感觉疼痛后去医院。 | I8: 右侧第6肋骨骨折 | J8: 摔伤类 | L8: 责任 | M8: 个人
A9: 8 | B9: 罗艳兰 | C9: 江西南昌转运中心 | D9: 江西 | E9: =VLOOKUP(C9,#REF!,3,0) -> #REF! | F9: 45666 | G9: =MONTH(F9) -> 1 | H9: 进港白班员工罗艳兰，工号1221064，在女厕所踩空滑倒，导致脚部扭伤，已被班组长送至医院，医院CT做完后显示脚踝骨裂 | I9: 胫腓骨下端骨折 | J9: 摔伤类 | L9: 责任 | M9: 个人
A10: 9 | B10: 吕军华 | C10: 山东济南转运中心 | D10: 山东 | E10: =VLOOKUP(C10,#REF!,3,0) -> #REF! | F10: 45666 | G10: =MONTH(F10) -> 1 | H10: 吕军华（岗位，细分拉件员；）2025年1月9日4:20.在出港3号线打扫卫生时，摔倒手部摔伤 | I10: 右腕关节多发性骨折 | J10: 摔伤类 | L10: 责任 | M10: 个人
A11: 10 | B11: 汤丽华 | C11: 湖南长沙转运中心 | D11: 湖南 | E11: =VLOOKUP(C11,#REF!,3,0) -> #REF! | F11: 45666 | G11: =MONTH(F11) -> 1 | H11: 湖南长沙转运中心2025年1月9日上午9:50左右，进港白班员工汤丽华（1026598，女，43岁），在10号DWS处拦截破损件时手指卷入皮带接缝处被夹伤，目前花费700元左右。 | I11: 手指夹伤 | J11: 机械类 | L11: 责任 | M11: 中心
A12: 11 | B12: 贺静 | C12: 江苏徐州转运中心 | D12: 江苏 | E12: =VLOOKUP(C12,#REF!,3,0) -> #REF! | F12: 45667 | G12: =MONTH(F12) -> 1 | H12: 夜班员工 贺静（1299892）在上班途中经过韵达快递门口发生车祸。 | I12: 开放性损伤伴异物，创伤性牙折断 | J12: 场外交通类 | L12: 无责 | M12: -
A13: 12 | B13: 蔡丽苹 | C13: 四川成都转运中心 | D13: 川藏 | E13: =VLOOKUP(C13,#REF!,3,0) -> #REF! | F13: 45669 | G13: =MONTH(F13) -> 1 | H13: 2025年1月12日7点49分左右，侧滑集包班长蔡丽萍（工号1060594）在二楼自动化NC区域关停流水线后（未关停摆臂）通线被摆臂夹手，现人员已前往人民医院进行治疗，后续结果待跟进； | I13: 左手中子指甲粗隆骨折，断端稍分离 | J13: 机械类 | L13: 责任 | M13: 中心
A14: 13 | B14: 卢锋波 | C14: 河南漯河转运中心 | D14: 河南 | E14: =VLOOKUP(C14,#REF!,3,0) -> #REF! | F14: 45669 | G14: =MONTH(F14) -> 1 | H14: 夜班进港员工 卢锋波(1005846)在进港疏通进港11号摆臂下方带时，手不慎伸进上方摆臂齿轮链条内部。 | I14: 左手无名指前关节部分夹掉 中指、食指前关节处不同程度骨折 | J14: 机械类 | L14: 责任 | M14: 中心
... A84: 83 | B84: 朱贺 | C84: 江苏江阴转运中心 | D84: 江苏 | E84: =VLOOKUP(C84,#REF!,3,0) -> #REF! | F84: 45747 | G84: =MONTH(F84) -> 3 | H84: 2025年3月31日晚22点时12分左右。员工朱贺在江阴转运中心华士场地装上海线路货物，抱一重包货物时扭伤右手腕，当时只觉疼痛，下班后至医院拍片检查，检查结果显示右尺骨茎突骨折，医生建议住院治疗 | I84: 右尺骨茎突骨折 | J84: 劳动损伤类 | L84: 无责 | M84: -
A85: 84 | B85: 董怀芝 | C85: 山东济宁转运中心 | D85: 山东 | E85: =VLOOKUP(C85,#REF!,3,0) -> #REF! | F85: 45748 | G85: =MONTH(F85) -> 4 | H85: 董怀芝-自动化供件员，在供件台下楼梯时，背靠楼梯下行，从楼梯摔倒下来。 | I85: 左足踝部外伤 | J85: 摔伤类 | L85: 责任 | M85: 个人 | O85: 否 | P85: 是
A86: 85 | B86: 王自文 | C86: 上海转运中心 | D86: 上海 | E86: =VLOOKUP(C86,#REF!,3,0) -> #REF! | F86: 45748 | G86: =MONTH(F86) -> 4 | H86: 上海转运中心员工王自文在4月1日早上进港30号卸货码头卸贷，在卸货中右手掌被快件砸中，当时感觉无大碍，下班后去医院检查 | I86: 第2掌骨近段骨折 | J86: 砸伤类 | L86: 责任 | M86: 个人 | O86: 否 | P86: 是
A87: 86 | B87: 管绘云 | C87: 安徽合肥转运中心 | D87: 安徽 | E87: =VLOOKUP(C87,#REF!,3,0) -> #REF! | F87: 45750 | G87: =MONTH(F87) -> 4 | H87: 员工管绘云工号1306965拦截破损时，不小心踩空 | I87: 大腿根部受伤 | J87: 摔伤类 | L87: 无责 | M87: - | O87: 是 | P87: 是
A88: 87 | B88: 李成洋 | C88: 浙江金华义乌转运中心 | D88: 浙江 | E88: =VLOOKUP(C88,#REF!,3,0) -> #REF! | F88: 45751 | G88: =MONTH(F88) -> 4 | H88: 2025年4月4日 20：58分航空部员工李成洋，在拉货的时候滑了，手上的巴枪把大门牙嗑断一半。 | I88: 大门牙嗑断一半 | J88: 摔伤类 | L88: 无责 | M88: - | O88: 否 | P88: 是
A89: 88 | B89: 刘年才 | C89: 广东深圳转运中心 | D89: 广东 | E89: =VLOOKUP(C89,#REF!,3,0) -> #REF! | F89: 45754 | G89: =MONTH(F89) -> 4 | H89: 2025年4月7日01:23:20深圳出港宝安场地后台装车3区后台装车员刘年才在车厢工作中因不慎踩空从伸缩机上掉落 | I89: 1、腰1-4右侧横突骨折；2腰椎间盘突出症 | J89: 摔伤类 | L89: 责任 | M89: 个人 | O89: 否 | P89: 是
A90: 89 | B90: 占检泉 | C90: 江西上饶转运中心 | D90: 江西 | E90: =VLOOKUP(C90,#REF!,3,0) -> #REF! | F90: 45762 | G90: =MONTH(F90) -> 4 | H90: 占检泉（1323067）4月15日5：46分，该员工坐在铅山网点卡位伸缩机上进行分拣作业，将脚放置在伸缩机检修口处，与此同时，铅山网点装车人员将伸缩机进行回缩，导致员工占检泉（1323067）脚趾被伸缩机检修口处链条卷入，当时立即发现，装车人员停止伸缩机回缩，协助占检泉（1323067）将脚从伸缩机内抽出。当班主管即可进行上报，并将伤员送往医院。 | I90: 骨折 | J90: 机械类 | L90: 责任 | M90: 中心 | O90: 是 | P90: 是
A91: 90 | B91: 汪江 | C91: 浙江金华义乌转运中心 | D91: 浙江 | E91: =VLOOKUP(C91,#REF!,3,0) -> #REF! | F91: 45762 | G91: =MONTH(F91) -> 4 | H91: 2025.4.15日22点40分左右，出港晚班细分拉扫员汪江，临时顶岗装车，车子有斜坡脚踩滑了手被皮带机夹了，导致受伤，第一时间送医院就医检查。 | I91: 手部皮肤受伤、擦伤 | J91: 机械类 | L91: 责任 | M91: 中心 | O91: 是 | P91: 是
A92: 91 | B92: 刘志才 | C92: 江西南昌转运中心 | D92: 江西 | E92: =VLOOKUP(C92,#REF!,3,0) -> #REF! | F92: 45765 | G92: =MONTH(F92) -> 4 | H92: 员工刘志才下楼梯上厕所扭伤脚踝 | I92: 右脚内踝骨折 | J92: 劳动损伤类 | L92: 责任 | M92: 个人 | O92: 否 | P92: 是
A93: 92 | B93: 刘建平 | C93: 江苏江阴转运中心 | D93: 江苏 | E93: =VLOOKUP(C93,#REF!,3,0) -> #REF! | F93: 45766 | G93: =MONTH(F93) -> 4 | H93: 2025年4月20日晚01点时48分左右时，员工刘建平在大货卸车区车厢内抱卸重货时，由于自己抱着货物无法看到脚下情况，失足摔落至地面 | I93: 肋骨6/7/8/9处骨折 | J93: 摔伤类 | L93: 责任 | M93: 中心 | O93: 是 | P93: 是
A94: 93 | B94: 向云杨 | C94: 广东揭阳转运中心 | D94: 广东 | E94: =VLOOKUP(C94,#REF!,3,0) -> #REF! | F94: 45766 | G94: =MONTH(F94) -> 4 | H94: 向云杨，工号：（1319920)2025年4月19日凌晨0:57分，装车员工向云杨装完货后发生摔落平台事故。 | I94: 后腰2椎体压缩性骨折 | J94: 摔伤类 | L94: 责任 | M94: 中心 | O94: 是 | P94: 是
A95: 94 | B95: 巩建平 | C95: 陕西西安转运中心 | D95: 西北 | E95: =VLOOKUP(C95,#REF!,3,0) -> #REF! | F95: 45767 | G95: =MONTH(F95) -> 4 | H95: 出港矩阵员工 ：巩建平 工号:1310882，上厕所回工位下直梯违规背向下直梯脚下打滑摔倒 | I95: 第5、6根肋骨骨折 | J95: 摔伤类 | L95: 责任 | M95: 个人 | O95: 否 | P95: 是
A96: 95 | B96: 吴聪青 | C96: 福建闽南转运中心 | D96: 福建 | E96: =VLOOKUP(C96,#REF!,3,0) -> #REF! | F96: 45768 | G96: =MONTH(F96) -> 4 | H96: 2025年4月21日凌晨3点35分左右，进港夜班人工拆包倒包员：吴聪青（1241622），于进港卸货口1号进行卸货作业。期间，前台卸车员夏松（1314795）因觉得闷热，在未提前通知吴聪青的情况下，私自打开中箱门门栓。此举直接导致吴聪青在后续卸货作业时失去重心，不幸发生跌落事故。 | I96: 脊柱疼痛无法起身，后脑勺疼痛明显 | J96: 坠落类 | L96: 责任 | M96: 中心 | O96: 是 | P96: 是
... A112: 111 | B112: 王国军 | C112: 云南昆明转运中心 | D112: 云南 | E112: =VLOOKUP(C112,#REF!,3,0) -> #REF! | F112: 45791 | G112: =MONTH(F112) -> 5 | H112: 卸车员王国军卸车过程中，货物掉落下来砸到脚。 | I112: 脚趾头骨折 | J112: 砸伤类 | L112: 无责 | M112: - | O112: 否 | P112: 是
A113: 112 | B113: 熊行军 | C113: 贵州贵阳转运中心 | D113: 贵州 | E113: 中 | F113: 45791 | G113: 5 | H113: 2025年 5月14日02 时 36 分员工熊行军进行卸货时，右脚踩在高处货物上，左脚与光滑的车厢地面产生摩擦，冲击力导致扭伤到左脚；经医院检查当事人左脚第五跖骨底部骨折 | I113: 左脚 | J113: 劳动损伤类 | L113: 责任 | M113: 个人 | O113: 否 | P113: 是
A114: 113 | B114: 王祥伟 | C114: 福建泉州转运中心 | D114: 福建 | E114: =VLOOKUP(C114,#REF!,3,0) -> #REF! | F114: 45792 | G114: =MONTH(F114) -> 5 | H114: 出港夜班自动化集包 5 班王祥伟伤（ 工号1337148）在拉包的时候，手被流水线夹伤，后由班长带员工去医院进行检查治疗。 | I114: 无骨折，表皮破皮 | J114: 机械类 | L114: 责任 | M114: 中心 | O114: 是 | P114: 是
A115: 114 | B115: 刘娜娜 | C115: 安徽芜湖转运中心 | D115: 安徽 | E115: =VLOOKUP(C115,#REF!,3,0) -> #REF! | F115: 45792 | G115: =MONTH(F115) -> 5 | H115: 员工自述下楼梯时刚好汗水流到眼睛里了，想擦汗所以动作变形。导致下楼梯打了趔趄。扭伤脚。 | I115: 左脚根骨骨折 | J115: 劳动损伤类 | L115: 无责 | M115: - | O115: 否 | P115: 是
A116: 115 | B116: 刘珈邑 | C116: 山东烟台转运中心 | D116: 山东 | E116: =VLOOKUP(C116,#REF!,3,0) -> #REF! | F116: 45794 | G116: =MONTH(F116) -> 5 | H116: 刘珈邑（工号：1334715），班次为半夜班18：30-24：30；2025年5月17日18：00左右上班途中骑行电动车与大货车相撞 | I116: 肋骨骨折以及半月板受损 | J116: 场外交通类 | L116: 无责 | M116: - | O116: 否 | P116: 是
A117: 116 | B117: 周海鹏 | C117: 广东揭阳转运中心 | D117: 广东 | E117: =VLOOKUP(C117,#REF!,3,0) -> #REF! | F117: 45795 | G117: =MONTH(F117) -> 5 | H117: 周海鹏 （工号：1330383） 凌晨2：01分卸货过程中肩膀扭伤。 | I117: 右侧第一前肋骨骨折 | J117: 劳动损伤类 | L117: 无责 | M117: - | O117: 否 | P117: 是
A118: 117 | B118: 黄佐革 | C118: 上海转运中心 | D118: 上海 | E118: =VLOOKUP(C118,#REF!,3,0) -> #REF! | F118: 45795 | G118: =MONTH(F118) -> 5 | H118: 自动化集包员黄佐革（工号1100372）25.5.18日5：11分在进港二楼交叉机集包区6号线185号格口换包时滑倒，左手撑地手腕受伤。 | I118: 左手桡骨远端骨折 | J118: 摔伤类 | L118: 无责 | M118: - | O118: 否 | P118: 是
A119: 118 | B119: 李星星 | C119: 贵州贵阳转运中心 | D119: 贵州 | E119: =VLOOKUP(C119,#REF!,3,0) -> #REF! | F119: 45797 | G119: =MONTH(F119) -> 5 | H119: 员工李星星在流水线交接处分拣货物，被夹伤（疑似手套被带入皮带前段） | I119: 右手中指指骨骨折并伴有软组织损伤 | J119: 机械类 | L119: 责任 | M119: 中心 | O119: 是 | P119: 是
A120: 119 | B120: 陈金峰 | C120: 安徽阜阳转运中心 | D120: 安徽 | E120: =VLOOKUP(C120,#REF!,3,0) -> #REF! | F120: 45798 | G120: =MONTH(F120) -> 5 | H120: 25.5.21日16：11分粗分驳货员-陈金峰（1141590）下直梯时，站踏板上与人聊天。期间双手脱离扶手、从楼梯滑下磕到设备。 | I120: 左侧第6前肋骨骨折 | J120: 摔伤类 | L120: 责任 | M120: 个人 | O120: 否 | P120: 是
A121: 120 | B121: 卯旺 | C121: 浙江金华义乌转运中心 | D121: 浙江 | E121: =VLOOKUP(C121,#REF!,3,0) -> #REF! | F121: 45801 | G121: =MONTH(F121) -> 5 | H121: 龙海路场地主循环线卡件，卯旺(细分拉扫员 工号 1327813)未关停皮带机疏通快件导致左手指夹伤，现已送往医院进一步检查。 | I121: 左手无名指开放性创口 | J121: 机械类 | L121: 责任 | M121: 中心 | O121: 是 | P121: 是
A122: 121 | B122: 李小平 | C122: 湖南衡阳转运中心 | D122: 湖南 | E122: =VLOOKUP(C122,#REF!,3,0) -> #REF! | F122: 45804 | G122: =MONTH(F122) -> 5 | H122: 夜班李小平在上班时间，卸揭阳平板车时候，重心不稳摔倒。 | I122: 腰压缩性骨折 | J122: 摔伤类 | L122: 责任 | M122: 中心 | O122: 是 | P122: 是
A123: 122 | B123: 李绪中 | C123: 四川成都转运中心 | D123: 川藏 | E123: =VLOOKUP(C123,#REF!,3,0) -> #REF! | F123: 45805 | G123: =MONTH(F123) -> 5 | H123: 2025年5月28日10：15分左右，前台卸车员李绪中（1254586）在卸车作业时，高空掉包砸伤鼻梁 | I123: 鼻梁骨折 | J123: 砸伤类 | L123: 无责 | M123: - | O123: 否 | P123: 是
A124: 123 | B124: 谢余阳 | C124: 四川成都转运中心 | D124: 川藏 | E124: =VLOOKUP(C124,#REF!,3,0) -> #REF! | F124: 45806 | G124: =MONTH(F124) -> 5 | H124: 2025.5.28日谢余阳23：10左右下班后，在公司门口红路灯处吃面，吃完面后骑车回家，5月29日00：05分左右由简阳石桥街道石桥大道方向沿成龙简快速路行往成都方向，行至成龙简快速简阳段（简阳至成都）0km+500m辅道路段：发生交通事故，事故发生后在简阳市人民医院就医，经过医院诊断右侧髋臼骨折；右髋关节后脱位。该起交通事故当事人谢余阳骨折同等责任。 | I124: 右侧髋臼骨折；右髋关节后脱位 | J124: 场外交通类 | L124: 无责 | M124: - | O124: 否 | P124: 否
A125: 124 | B125: 余长波 | C125: 重庆转运中心 | D125: 重庆 | E125: =VLOOKUP(C125,#REF!,3,0) -> #REF! | F125: 45806 | G125: =MONTH(F125) -> 5 | H125: 5月29日20:00分左右出港细分拉扫员工余长波（工号：1338907)在接缝区被夹伤，目前员工已送医检查。 | I125: 食指、中指夹伤 | J125: 机械类 | L125: 责任 | M125: 中心 | O125: 是 | P125: 是
... A128: 127 | B128: 杨自兵 | C128: 四川成都转运中心 | D128: 川藏 | E128: =VLOOKUP(C128,#REF!,3,0) -> #REF! | F128: 45808 | G128: =MONTH(F128) -> 5 | H128: 2025年5.31日， 进港夜班装车员工杨自兵（1260104）在回家途中因与机动车发生交通事故，造成杨自兵受伤昏迷，第一时间送往简阳市中医医院进行治疗，交通部门判机动车驾驶员负主要责任 | I128: 右颚骨骨折、双侧顶叶脑挫裂伤、右目挫伤 | J128: 场外交通类 | L128: 无责 | M128: - | O128: 否 | P128: 否
A129: 128 | B129: 郑春香 | C129: 浙江金华转运中心 | D129: 浙江 | E129: 中 | F129: 45809 | G129: 6 | H129: 航空拉件员工郑春香，因调整拉件脚踏板，没有用手，用脚踢踏板，导致重心不稳，摔倒，手腕有痛感，经检查手腕骨折，需打石膏静养 | I129: 手腕 | J129: 摔伤类 | L129: 责任 | M129: 个人 | O129: 否 | P129: 是
A130: 129 | B130: 陈兴 | C130: 江苏泰州转运中心 | D130: 江苏 | E130: 中 | F130: 45810 | G130: 6 | H130: 年6月2日晚上22:25分，泰州转运中心员工陈兴（男19岁，工龄1个月），在金华装概货口位置进行装货作业时，右脚踩入皮带机与滚筒夹缝处。导致右足底远端8cm挫伤 | I130: 右脚 | J130: 机械类 | L130: 责任 | M130: 中心 | O130: 是 | P130: 是
A131: 130 | B131: 刘宇杰 | C131: 川藏成都转运中心 | D131: 川藏 | E131: 中 | F131: 45811 | G131: 6 | H131: 进港员工刘宇杰（1278216）在卸货口8号卸车时，货物倒塌，砸员 工身上，员工身体撞伸缩机上，现已送简阳市人民医院就诊，右侧部分肋骨骨折 | I131: 右侧肋骨 | J131: 砸伤类 | L131: 无责 | M131: - | O131: 否 | P131: 是
A132: 131 | B132: 郑双全 | C132: 川藏成都转运中心 | D132: 川藏 | E132: 中 | F132: 45812 | G132: 6 | H132: 2025.6.4晚上18:05左右郑双全（1310472）在上班途中与机动车辆发生交通事故（太平桥路段），事故发生后第一时间拨打120送往简阳市第二人民医院进行抢救并住院治疗，经医院诊断为1、左侧锁骨骨折，折端错位、重叠；2、左侧肩胛骨粉粹性骨折；左肱骨头囊变；3、双肺少许纤维灶，双肺下叶坠积性效应；4、双肺少许小结节；5、左侧第三内骨可疑骨折；交通认定书目前未出。 | I132: 左侧骨头 | J132: 场外交通类 | L132: 无责 | M132: - | O132: 否 | P132: 否
A133: 132 | B133: 和全龙 | C133: 福建泉州转运中心 | D133: 福建 | E133: 南 | F133: 45813 | G133: 6 | H133: 6月5日凌晨23点41分，后台装车员和全龙（工号1310620）在装载最后一排包裹时因班车司机突然动车，导致和全龙摔落。造成此次工伤事故。 | I133: 无伤 | J133: 坠落类 | L133: 责任 | M133: 车队 | O133: 否 | P133: 是
A134: 133 | B134: 向绵鹏 | C134: 湖南长沙转运中心 | D134: 湖南 | E134: 南 | F134: 45814 | G134: 6 | H134: 向绵鹏骑三轮车正常行驶过程中在衡阳卡位拐角处，被对方暮云网点何昌政驾驶小货车擅自驶入非机动车道碰撞到，发生交通事故。 | I134: 面部、右膝关节 | J134: 场外交通类 | L134: 责任 | M134: 中心 | O134: 是 | P134: 是
A135: 134 | B135: 刁祖连 | C135: 川藏成都转运中心 | D135: 川藏 | E135: 中 | F135: 45812 | G135: 6 | H135: 2025年6月4日出港员工刁祖连 （1340993）在上班22点21分左右在现场拉包时，手被带进接缝处，员工第一时间将手抽出，后公司将受伤人员立即送往简阳市中医院进行治疗，经医院诊断为左侧大多角骨骨皮质稍毛糙，左手手背软组织肿胀，第一掌骨背侧团片状血肿。 | I135: 左手 | J135: 机械类 | L135: 责任 | M135: 中心 | O135: 是 | P135: 是
A136: 135 | B136: 张金堂 | C136: 山东青岛转运中心 | D136: 山东 | E136: 北 | F136: 45815 | G136: 6 | H136: 6月7号班22点45分左右.扫描员张金堂右手拿把枪扫描拉包，右手没注意伸进连接处皮带内，右手夹伤第一反应把右手抽出来，造事成右手食指和无名指受伤。当时流了好多血，紧接着班长过来，报故告主管带着受伤员工，来胶州中心医院，到达医院时间大概11点零概几分，第一时间到达急诊医生先处理了员工伤口，然后去拍了个片述看完结果，医生联系了骨科主治医生，又让做了个平面cT结果显示两个手指头骨折，需要进行手术打刚针大约治疗费用15000左右 | I136: 右手指 | J136: 机械类 | L136: 责任 | M136: 中心 | N136: 15000 | O136: 是 | P136: 是
A137: 136 | B137: 任军军 | C137: 湖北武昌转运中心 | D137: 湖北 | E137: 中 | F137: 45816 | G137: 6 | H137: 2025年6月8日12：15分左右，员工任军军（工号1242909）在卸临沂-武昌高栏车过程中（有戴安全帽）被一包件砸中头部，导致人头晕和手臂麻木。因当天检查无大碍，该员工反应手臂麻木，医生建议3天后需要预约做核磁共振检查，所以先行报备处理。 | I137: 头部及手臂 | J137: 砸伤类 | L137: 责任 | M137: 个人 | O137: 否 | P137: 是
A138: 137 | B138: 崔连红 | C138: 安徽芜湖转运中心 | D138: 安徽 | E138: 中 | F138: 45815 | G138: 6 | H138: 2025年6月7日17点左右，员工崔连红在骑车上班的路上，经过凤栖路与陶辛路路口时与一辆小轿车相撞，发生交通事故，交通事故责任认定书认定员工崔连红负次要责任。 | I138: 右胫骨上段骨折 | J138: 场外交通类 | L138: 无责 | M138: - | O138: 否 | P138: 否
A139: 138 | B139: 吴文豪 | C139: 川藏成都转运中心 | D139: 川藏 | E139: 中 | F139: 45817 | G139: 6 | H139: 2025年6月9日 05:21分，吴文豪（ 1337068）在四川简阳成都转运中心进港20卸货口矩阵处，踩空滑到滑槽下面，第一时间送往简阳市中医医院进行治疗，医院诊断为右距骨撕脱骨折。 | I139: 右距骨撕脱骨折 | J139: 摔伤类 | L139: 责任 | M139: 个人 | O139: 否 | P139: 是
A140: 139 | B140: 鲁有光 | C140: 广东深圳转运中心 | D140: 广东 | E140: 南 | F140: 45820 | G140: 6 | H140: 2025年6月12日05时28分56秒深圳出港宝安场地后台6区细分扫描员鲁有光上厕所返回岗位，因场地空间布局有限，鲁有光所在操作卡位两侧无安装扶梯可以上下月台，鲁有光进入卡位时看边上装车卡位伸缩机伸到车厢内有人装货，就选择关停伸缩机流水线，从而跨越流水线时不慎失去重心摔倒，倒地时左手撑到地面，员工起来后以为没事擦了点红花油继续上班，下班后感觉手部不适 | I140: 左腕部 | J140: 摔伤类 | L140: 责任 | M140: 个人 | O140: 否 | P140: 是
A141: 140 | B141: 火灾 | C141: 广东广州转运中心 | D141: 广东 | E141: 南 | F141: 45822 | G141: 6 | H141: 6月14日10:55左右，市内件装车区，后台装车6班卢光运在操作时看到九龙网点车辆冒烟，立刻上报班长黄佳新、向光荣，并一同前往车厢检查，发现车厢内部已经冒烟，班长黄佳新与员工卢光运立刻使用灭火器进行初步灭火，班长向光荣立刻进行上报。10：58左右主管王奇勇、何亚江、郑河，当班经理赵玖壹第一时间到达现场，发现该网点车辆粤LB4533车厢内部已经冒烟起火，当班经理赵玖壹立刻指挥司机把车辆转移到空旷过道再进行灭火。 | I141: - | J141: 火灾类 | L141: 无责 | M141: 火灾 | O141: 否 | P141: 否
A142: 141 | B142: 田祥洋 | C142: 浙江台州转运中心 | D142: 浙江 | E142: 中 | F142: 45824 | G142: 6 | H142: 2025年6月16日23:36分，航空卸货员工田祥洋在航空部卸货口8号口，在卸货过程中拉件被件砸到，导致重心不稳摔落，23点36分受伤以后员工感觉自己没问题没上报，继续回去卸车，在后面的监控中发现员工在现场一直在徘徊，到6月17日1点20身体不适才通知班组长，上报到中心安全员，安全员第一时间将员工送往医院，经医院诊断肋骨骨折，目前员工正在住院。 | I142: 肋骨 | J142: 砸伤类 | L142: 责任 | M142: 个人 | O142: 否 | P142: 是
A143: 142 | B143: 李子豪 | C143: 江苏徐州转运中心 | D143: 江苏 | E143: 中 | F143: 45824 | G143: 6 | H143: 2025年16日22:25分许，出港码货员工李子豪（1334458，男，18岁，4月18日入职）在出港B区二道尾端操作时未停机跨线体捡拾快件，导致右手臂卷入皮带受伤，手臂脱皮严重，随后组织车辆送往徐州仁慈医院治疗，经诊断右前臂软组织大面积缺损，目前已住院手术治疗，预估前期医疗费用10万余元，后期需要根据情况进行二次甚至多次植皮治疗。 | I143: 手臂 | J143: 机械类 | L143: 责任 | M143: 中心 | O143: 是 | P143: 是
A144: 143 | B144: 张冉 | C144: 江苏江阴转运中心 | D144: 江苏 | E144: 中 | F144: 45824 | G144: 6 | H144: 2025年6月16日晚18点时58分左右，员工张冉开完班前会后主动向班长说明未穿工服与马甲，预回宿舍穿取工服，行至步梯下来时，不慎意外从步梯下摔落到平台地面上。简单询问后该员工无法站立，用救护车送至江阴市人民医院，诊断为右下肢损伤，股骨骨折。 | I144: 右下肢 | J144: 摔伤类 | L144: 责任 | M144: 个人 | O144: 否 | P144: 是
A145: 144 | B145: 张铁权 | C145: 东北沈阳转运中心 | D145: 东北-沈 | E145: 北 | F145: 45828 | G145: 6 | H145: 年6月20日03:49分左右，沈阳转运中心前台卸车员张铁权（1239579）在卸车过程中，司机（杭州-沈阳.浙A38K78）私自前移车辆导致员工从伸缩机上摔下，目前已经送医院就医，左跟骨粉碎性骨折 | I145: 左跟骨粉碎性骨折 | J145: 摔伤类 | L145: 责任 | M145: 车队 | N145: 20000 | O145: 否 | P145: 是 | Q145: 12月迟报
A146: 145 | B146: 陈以波 | C146: 广东揭阳转运中心 | D146: 广东 | E146: 南 | F146: 45830 | G146: 6 | H146: 机修人员（陈以波）在进港回流线维修设备时，不慎从线体上摔落至地面，调取监控，查看回放时，发现出事的位置偏暗，且比较窄，机修人员在维修设备时脚下没踩稳，导致从线体上摔落至地面，导致骨折 | I146: 尾椎骨折 | J146: 摔伤类 | L146: 责任 | M146: 中心 | O146: 是 | P146: 是
A147: 146 | B147: 张红艳 | C147: 河南省公司 | D147: 河南 | E147: =VLOOKUP(D147,#REF!,2,0) -> #REF! | F147: 45833 | G147: 12 | H147: 2025年6月25日19时许，郑州中心员工张红艳在操作场地下直梯过程中崴脚受伤，由班长王俊姣开车将其送往医院治疗，诊断结果为左侧外踝骨折。主管对其伤情预估不足，且和员工沟通过程中，张红艳也并未有上报工伤需求，故未做工伤报备，2025年11月我公司收到港区法院关于张红艳要求确认劳动关系的诉讼传票，经与张红艳沟通协调，由平台公司申请工伤认定后撤销诉讼。故 | I147: 左踝关节 | J147: 劳动损伤类 | L147: 无责 | M147: 无责 | O147: 否 | P147: 否
A148: 147 | B148: 杭盼凤 | C148: 广东广州转运中心 | D148: 广东 | E148: 南 | F148: 45836 | G148: 6 | H148: 2025.6.28早上5点05员工杭盼凤佩戴好头盔从住房骑电动车出门上班，因路上雨较大，员工在道路上视线不清，导致5点20分行驶到广东省增城区新塘镇香山大道处挂车违规停车，员工杭盼凤撞到挂车车尾摔倒导致脸部碰伤，挂车司机拨打120急诊5点40分左右救护车赶到，送往南方医院急诊，已到医院看望员工目前还在抢救室观察，医院诊断为双侧上颧骨侧骨折，目前交通事故责任认 | I148: 脸部 | J148: 场外交通类 | L148: 无责 | M148: - | O148: 否 | P148: 否
A149: 148 | B149: 赵庆周 | C149: 江西南昌转运中心 | D149: 江西 | E149: 南 | F149: 45827 | G149: 6 | H149: 2025.6.19 日 22：20左右江西南昌转运中心员工赵庆周 （1141054）在长沙线装车因捡货时左手中指不慎被输送带夹伤，指甲脱落。 事件发生后班组长第一时间将受伤员工送往医院治疗，经医生诊断手指软组织伤，治疗花费预计500元左右 | I149: 手指 | J149: 机械类 | L149: 责任 | M149: 中心 | O149: 是 | P149: 是
A150: 149 | B150: 杨兴洪 | C150: 湖北荆门转运中心 | D150: 湖北 | E150: 中 | F150: 45826 | G150: 6 | H150: 2025年6月18日晚上17点20分左右，平台员工杨兴洪（工号：1314608）驾驶摩托车在上班途中（荆门转运中心大门右侧附近），被对向行驶小汽车撞伤，事发后至荆门市石化医院治疗，检查诊断为筋伤骨断症、右侧关节脱位，入院继续治疗。 事故认定书内容：对方车辆全责，杨兴洪无责任。 | I150: 右侧肩膀 | J150: 场外交通类 | L150: 无责 | M150: - | O150: 否 | P150: 否
A151: 150 | B151: 郑良芝 | C151: 川藏成都转运中心 | D151: 川藏 | E151: 中 | F151: 45828 | G151: 6 | H151: 6月20日早上7:16分左右，郑良芝回家途中骑电瓶车在简阳市沱四桥（天府九鼎国际大酒店）十字路口与直行社会车辆（轿车）相撞导致摔伤。致腰部损伤、左上肢损伤、左上肢皮肤挫伤、肺结节病、肝囊肿。在简阳中医医院住院治疗。 | I151: 腰部、左上肢损伤、左上肢皮肤挫伤、肺结节病、肝囊肿 | J151: 场外交通类 | L151: 无责 | M151: - | O151: 否 | P151: 否
A152: 151 | B152: 侯永兰 | C152: 西北西安转运中心 | D152: 西北 | E152: 北 | F152: 45828 | G152: 6 | H152: 6月20日18点40分左右侯永兰，工号: 1254704，在上班的途中摔伤（北上召汽车城十字）员工已去医院检查 | J152: 摔伤类 | L152: 无责 | M152: - | O152: 否 | P152: 否
A153: 152 | B153: 许云枫 | C153: 湖北荆门转运中心 | D153: 湖北 | E153: 中 | F153: 45830 | G153: 6 | H153: 6月22日早上4点30分左右，平台员工许云枫（工号：1116482）在上班中途突然感觉头晕、四肢麻木，上报班长后，迅速联系医院安排救护车送往荆门市石化医院治疗，初步检查结果为脑部出血，医院已经收入重症监护室继续治疗。 | I153: 脑部 | J153: 疾病类 | L153: 无责 | M153: - | O153: 否 | P153: 否
A154: 153 | B154: 田仁学 | C154: 贵州贵阳转运中心 | D154: 贵州 | E154: 中 | F154: 45828 | G154: 6 | H154: 平台员工田仁学在出港进行装车作业，由于货物较多导致正班车已发走，皮带机上源源不断的货被码在月台边缘，码货时其没注意导致脚下踩空，摔下月台。 | I154: 左额头皮撕脱伤 | J154: 坠落类 | L154: 责任 | M154: 中心 | O154: 是 | P154: 是
A155: 154 | B155: 管林林 | C155: 西北兰州转运中心 | D155: 西北 | E155: 北 | F155: 45827 | G155: 6 | H155: 25年6月19日06:14分员工姓名：管林林，工号：1296946，性别：男，在进港敦煌卡位装车时，三方车辆停靠不到位，与月台产生缝隙，员工中途下车时从车厢与月台中间缝隙处踩空掉落。 | I155: 左根骨骨折 | J155: 机械类 | L155: 责任 | M155: 中心 | O155: 是 | P155: 是
A156: 155 | B156: 雷艺佳 | C156: 福建福州转运中心 | D156: 福建 | E156: 南 | F156: 45831 | G156: 6 | H156: 2025年6月23号23点23分左右，员工在进港场地二楼手工集包笼，割文件包的时候不慎割到手，后被送到福建中医药大学附属第三人民医院，经医生诊治伤口较深伤到神经，需要转院，后转到福州市第二总医院，被诊断为右手开放性手部损伤 | I156: 手部 | J156: 机械类 | L156: 责任 | M156: 中心 | O156: 是 | P156: 是
A157: 156 | B157: 邓志刚 | C157: 安徽合肥转运中心 | D157: 安徽 | E157: 中 | F157: 45834 | G157: 6 | H157: 6月23日13点30左右，员工邓志刚1327455在宿舍楼道摔倒 | I157: 锁骨骨折 | J157: 摔伤类 | L157: 无责 | M157: - | O157: 否 | P157: 否
A158: 157 | B158: 曾华 | C158: 浙江金华义乌转运中心 | D158: 浙江 | E158: 中 | F158: 45832 | G158: 6 | H158: 中心机修 曾华 工号1297226，在场地用电钻将温度计固定在墙上时，右手操作电钻，未用左手固定温度计，导致温度计随螺丝转动伤到左眼。 | I158: 左眼 | J158: 机械类 | L158: 责任 | M158: 中心 | O158: 是 | P158: 是
A159: 158 | B159: 艾斯卡尔·托合提 | C159: 西北新疆乌鲁木齐转运中心 | D159: 西北 | E159: 北 | F159: 45832 | G159: 6 | H159: 2025年6月24日21:19:分左右进港卸车区员工“艾斯卡尔·托合提”在1号卸车口进行卸车作业时，高处货物坠落砸到员工艾斯卡尔·托合提，被砸出平板车外，人员右手被快件包裹砸到， 同事松哈特·巴伙加 当即汇报班组长陈龙， 陈龙即前往现场进行查看，沟通主管陈小军，随即陈龙带领受伤人员前往医院进行检查； 检查途中该员工向班组长表示 手部无较为明显伤，买点药品进行涂抹就可以，随即返回中心正常上班，当日及次日6月25日均正常到岗上班， 6月27日该员工感觉疼痛，随即在前往医院检查，经医院拍片检查判定为右尺桡骨远端骨折， （主管及班组长均未第一时间进行中心安全、经理、人资及相关群组上报） 7月15日13时受伤员工手持医疗报告前往中心咨询人资医疗费用及其他费用如何报销，随即人资同步相关信息至中心安全员， 中心安全员进行事故调查 | I159: 骨折 | J159: 砸伤类 | L159: 无责 | M159: - | O159: 否 | P159: 是
A160: 159 | B160: 乔清 | C160: 广西柳州转运中心 | D160: 广西 | E160: 南 | F160: 45833 | G160: 6 | H160: 2025年6月25日00:41出港夜班前台卸车员乔清在移动鼓风机时不慎触电倒地，在旁的员工韦振葵看到后立刻切断电源，乔清在原地休息两分钟后，自述左手手臂无法移动且疼痛，主管立即将他送往柳州市工人医院就医，于凌晨01:20左右到达医院。经医生初步诊断左肱骨一小结节骨折，心肌损伤。 | I160: 左肱骨一小结节骨折，心肌损伤 | J160: 电气类 | L160: 责任 | M160: 中心 | O160: 是 | P160: 是
A161: 160 | B161: 江志荣 | C161: 广东揭阳转运中心 | D161: 广东 | E161: 南 | F161: 45834 | G161: 6 | H161: 6月26日，揭阳进港前台卸车员工（江志荣）在卸货口六号线上面，准备使用铁棍去疏通快件，当员工拿起铁棍在行走的过程中，铁棍一端顶到铁板，导致另外一头翘起，直接划伤下巴，现场班长（罗岸滨）发现后第一时间将受伤员工送往揭阳市揭东区人民医院进行治疗和缝针处理，另外，对接现场班长后了解到，该受伤员工需要等待2天后换药，7天后拆线。 | I161: 下颚 | J161: 其他类 | L161: 责任 | M161: 个人 | O161: 否 | P161: 是
A162: 161 | B162: 刘利双 | C162: 京津冀天津转运中心 | D162: 京津冀 | E162: 北 | F162: 45835 | G162: 6 | H162: 员工刘利双上班途中驾驶电动车路过(天津东兴道与主干路二交叉路口)因闯红灯与对面行驶的机动车发生碰撞，造成受伤，现已被120拉往静海区医院。 | I162: — | J162: 场外交通类 | L162: 无责 | M162: - | O162: 否 | P162: 否
A163: 162 | B163: 刘东琼 | C163: 川藏南充转运中心 | D163: 川藏 | E163: 中 | F163: 45836 | G163: 6 | H163: 刘东琼，性别:女，年龄:52岁，身份证号:512921197210012822， 职位:白班细分拉件员，南充转运中心，2025年6月28日上午08：15分左右， 南充转运中心，白班员工刘东琼（工号：020170008）站立在禁止分拣区域分拣 过程中左手被夹 | I163: 手指 | J163: 机械类 | L163: 责任 | M163: 中心 | O163: 是 | P163: 是
A164: 163 | B164: 张品梅 | C164: 湖北荆门转运中心 | D164: 湖北 | E164: 中 | F164: 45831 | G164: 6 | H164: 2025年6月23日凌晨一点左右，平台员工张品梅（工号：1332211）下班经过出港二楼环保袋区域时，不慎扭伤右脚，当时未见明显伤情，次日脚部肿胀。 | I164: 右足内侧楔骨粉碎性骨折 | J164: 劳动损伤类 | L164: 责任 | M164: 个人 | O164: 否 | P164: 是
A165: 164 | B165: 马浩杰 | C165: 山东烟台转运中心 | D165: 山东 | E165: 北 | F165: 45838 | G165: 6 | H165: 在C2库拦截线，因堵件班长马浩杰关机疏堵后下铁梯。梯子无人防护，重力加持下梯子倒下，导致当事人摔落 | J165: 机械类 | L165: 责任 | M165: 中心 | O165: 是 | P165: 是
A166: 165 | B166: 李水抽 | C166: 福建泉州转运中心 | D166: 福建 | E166: 南 | F166: 45838 | G166: 6 | H166: 员工李水抽，上厕所背对月台直梯下行。动作幅度过大，前冲碰到月台立柱的防护板尖锐口 | I166: 左膝外侧皮肤及软组织挫伤 | J166: 撞伤类 | L166: 责任 | M166: 个人 | O166: 否 | P166: 是
A167: 166 | B167: 张小军 | C167: 内蒙古呼和浩特转运中心 | D167: 内蒙 | E167: 北 | F167: 45834 | G167: 7 | H167: 2025年6月26日19时59分09秒，员工张小军在呼和浩特转运中心操作场地，卸货岗位工作，货物掉落砸伤 后续由后勤负责人及班长送往内蒙古第二附属医院救治，诊断结果为右腕关节下尺桡关节分离。 | I167: 右腕关节下尺桡关节分离 | J167: 砸伤类 | L167: 无责 | M167: - | O167: 否 | P167: 否
A168: 167 | B168: 冯春华 | C168: 四川成都转运中心 | D168: 川藏 | E168: 中 | F168: 45837 | G168: 6 | H168: 6.29日18：23分社会车辆从石桥街道石一大道驶往318国道方向，行至简阳市石桥街道石桥大道石桥法庭外路段掉头时，致相对方向行驶，冯春华驾驶的无号牌电动自行车摔倒，造成冯春华受伤、车辆受损事故，6.29经简阳人民医院检查右侧顶部头皮稍肿胀等。7.4简阳人民医院检查为右侧第6-9腋内骨骨折，断端稍错位，右侧胸壁软组织稍肿胀，余未见确切错位骨折，建议复查除外隐 | I168: 小件自动化 | J168: 场外交通类 | L168: 无责 | M168: - | O168: 否 | P168: 否
A169: 168 | B169: 张小鹏 | C169: 陕西西安转运中心 | D169: 西北 | E169: 北 | F169: 45817 | G169: 6 | H169: 25年6月9日04：30分左右，进港卸车口员工张小鹏（1325532）在卸车口20号机卸揭阳平板车时低头捡件被车厢高处掉下的箱子砸到左肩处，事发后员工未上报班组长继续工作，到04点40左右，员工感到疼痛上报班组长，班组长上报当班主管，当班主管未在中心异常事件群内上报，给员工说让自己去医院拍片检查，最终诊断结果为右肩胛骨骨折。 | I169: 右肩胛骨骨折 | J169: 砸伤类 | L169: 责任 | M169: 中心 | O169: 是 | P169: 是 | Q169: 9月迟报
A170: 169 | B170: 王永伟 | C170: 河南漯河转运中心 | D170: 河南 | E170: 北 | F170: 45806 | G170: 5 | H170: 2025年05月29日18时18许，宗魁祯驾驶豫L825G9号小型普通客车从阳山路申通快递门口处出来时，与行人王永伟发生碰撞，造成车辆受损及行人王永伟受伤的交通事故。王永伟脚部受伤，在医院休养。 | I170: 脚部 | J170: 场外交通类 | L170: 无责 | M170: - | O170: 否 | P170: 否
A171: 170 | B171: 王金花 | C171: 广东广州转运中心 | D171: 广东 | E171: 南 | F171: 45839 | G171: 7 | H171: 2025 年 7月 1 日早上 08 点 00 分左右，广州转运中心员工王金花在上班途径广州市增城区新耀北路与创誉路交叉口红绿灯处时发生交通事故。因对方摩托车闯黄灯，把王金花驾驶的电动车撞倒，造成其摔倒足部受伤。摩托车司机随即拨打 110，并陪同王金花到南方医院增城分院进行治疗，医院诊断第5左足第五跖骨骨折，交通事故责任认定肇事司机全责，员工王金花无责 | I171: 异常现场处理初级助理 | J171: 场外交通类 | L171: 无责 | M171: - | N171: 1500 | O171: 否 | P171: 否
A172: 171 | B172: 谢建林 | C172: 浙江台州转运中心 | D172: 浙江 | E172: 中 | F172: 45840 | G172: 7 | H172: 2025年07月02日8点28分左右，台州转运中心操作员—谢建林（1338242）在中转循环线拉件。一包裹在循环过程中破损散开，内件铁质零件突然滑落砸到左脚，上报到中心安全员知道情况马上带去医院，经台州市第一人民医院诊断左足楔骨骨折。 | I172: 前台卸车员 | J172: 砸伤类 | L172: 无责 | M172: - | O172: 否 | P172: 否
A173: 172 | B173: 侯江平 | C173: 广西柳州转运中心 | D173: 广西 | E173: 南 | F173: 45840 | G173: 7 | H173: 7月2日凌晨2点31分，出港夜班装车员侯江平，在装车过程中，由于皮带上货物太多，皮带运行缓慢或停滞，员工用手拉扯皮带，以致于被皮带夹伤，随后员工察觉到右手拇指疼痛，主管立即送往医院就医。现医院初步诊断关节损伤。 | I173: 装车 | J173: 机械类 | L173: 责任 | M173: 中心 | O173: 是 | P173: 是
A174: 173 | B174: 刘利双 | C174: 天津转运中心 | D174: 京津冀 | E174: 北 | F174: 45840 | G174: 7 | H174: 天津转运中心员工刘利双，上班途中驾驶电动车路过(天津市静海区东兴道与主干路二交叉口)，因闯红灯与东面行驶过来的机动车发生碰撞。现医院诊断证明诊断为共6根肋骨骨折，目前交警未出交通事故责任书。伤情较为严重，具体后续流程中跟进。 | I174: 自动化集包员 | J174: 场外交通类 | L174: 责任 | M174: 个人 | O174: 否 | P174: 否
A175: 174 | B175: 高贞许 | C175: 浙江台州转运中心 | D175: 浙江 | E175: 中 | F175: 45840 | G175: 7 | H175: 2025年07月02日22点16分左右，台州转运中心细分拉扫员-高贞许（工号：010100023）在6号线宁波装货口拉件时被拥堵后挤落的铁锥类快件砸到左脚。后上报中心人资带其前往台州市第一人民医院，经台州市第一人民医院诊断为左足第五趾近节趾骨骨折。 | I175: 左足 | J175: 砸伤类 | L175: 无责 | M175: - | O175: 否 | P175: 否
A176: 175 | B176: 陈立新 | C176: 北京转运中心 | D176: 京津冀 | E176: 北 | F176: 45841 | G176: 7 | H176: 2025年7月3号3点53分，因线体卡件堵线，员工陈立新疏通线体时 不慎手臂卡进皮带机，随即拨打120，然后到达固安县中医院拍CT，经医生诊断为手臂骨折，然后转院到涿州市医院，诊断为烫伤，尺桡骨骨折。 | I176: 异形件处理员 | J176: 机械类 | L176: 责任 | M176: 中心 | O176: 是 | P176: 是
A177: 176 | B177: 何伟鹏 | C177: 福建闽南转运中心 | D177: 福建 | E177: 南 | F177: 45841 | G177: 7 | H177: 2025年7月03日早上05:18时，何伟鹏在K2一分多笼子人工小件处作业时，因环保袋意外脱落导致支架倾斜戳到眼睛，导致右眼挫伤，右眼结膜撕裂，目前等待医院伤情鉴定报告，已安排住院治疗，CT报告暂未出结果。 | I177: 眼睛 | J177: 其他类 | L177: 责任 | M177: 中心 | O177: 是 | P177: 是
A178: 177 | B178: 殷东生 | C178: 重庆转运中心 | D178: 重庆 | E178: 中 | F178: 45842 | G178: 7 | H178: 2025年7月4日4:56左右重庆转运中心出港员工殷东生下班后在食堂就餐，中暑在食堂晕倒，随即送往巴南区人民医院救治，医院诊断为中暑脱水、低血容量、休克、电解质紊乱 | I178: 后台装车员 | J178: 中暑类 | L178: 无责 | M178: - | O178: 否 | P178: 否
A179: 178 | B179: 李蒙蒙 | C179: 河北保定转运中心 | D179: 京津冀 | E179: 北 | F179: 45841 | G179: 7 | H179: 员工李蒙蒙7月3日出勤中班,班次时间为：00:00-12:00。 2025年7月2日23:30分在徐水区大王店镇中纺路上班过程当中由于对向车道开启远光灯导致员工撞到一辆停在路边的机动车，医院诊断股骨骨折，预计治疗费用5000元，员工当时未做交通认定责任书且停在路边被撞车辆车牌照未记录，伤情较为严重，具体后续流程中跟进。 | I179: 自动化供件员 | J179: 场外交通类 | L179: 无责 | M179: - | O179: 否 | P179: 否
A180: 179 | B180: 关志宏 | C180: 江苏泰州转运中心 | D180: 江苏 | E180: 中 | F180: 45844 | G180: 7 | H180: 00：30网点装车劳务工关志宏（56岁，山西运城）在与其他同事聊天过程中突然晕倒，现场进行心肺复苏人未苏醒。120急救于1点10分到场后进行抢救，仍未苏醒。随后120以及网点劳务老板跟车至泰州市第四人民医院，于凌晨3点左右未抢救成功，人现已经安排到九龙殡仪馆，该员工老婆和儿子也已与劳务碰面，家属暂未出现过激行为。 | I180: 其他 | J180: 疾病类 | L180: 无责 | M180: - | O180: 否 | P180: 否
A181: 180 | B181: 刘一锋 | C181: 江西吉安转运中心 | D181: 江西 | E181: 南 | F181: 45844 | G181: 7 | H181: 2025年7月6日 16：00左右 江西吉安转运中心员工刘一锋（1348539在回乡下老家处理家事后返回井开区家里的路上不小心与路边停放的货车发生碰撞造成员工左脚骨折，头部受伤；目前员工在吉安县人民医院骨科住院治疗 -事故认定书暂时未出-（先行交通意外报备） | I181: 后台装车员 | J181: 场外交通类 | L181: 无责 | M181: - | O181: 否 | P181: 否
A182: 181 | B182: 廉张布 | C182: 安徽芜湖转运中心 | D182: 安徽 | E182: 中 | F182: 45841 | G182: 7 | H182: 背景：2025年07月03日20时38分，员工廉张布（男，46岁）上完厕所回到车厢装车时，因皮带机被现场货物顶住，在装车操作中右脚不慎伸进伸缩机滚筒区域，导致右脚脚背受伤。目前员工正在住院治疗中，后续还需要手术植皮，预计需要花费20000元左右。 员工信息： 姓名：廉张布；性别：男；年龄：46岁；合同主体：湖口耳目一新信息技术有限公司；入职日期：2025年6月26日 | I182: 后台装车员 | J182: 机械类 | L182: 责任 | M182: 中心 | O182: 是 | P182: 是
A183: 182 | B183: 宋仁英 | C183: 广东中山转运中心 | D183: 广东 | E183: 南 | F183: 45844 | G183: 7 | H183: 2025年7月6日2:30分进港晚班NC侧滑供件员宋仁英（1343775）发生疑似中暑症状，先喝了一瓶藿香正气水后又喝了一瓶葡萄糖，身体还是不适，送医院后，诊断结果为头晕，目前已出院回家休息 | I183: 中暑 | J183: 中暑类 | L183: 无责 | M183: - | O183: 否 | P183: 否
... A193: 192 | B193: 祝兴菊 | C193: 安徽合肥转运中心 | D193: 安徽 | E193: 中 | F193: 45849 | G193: 7 | H193: 员工出园区门口右转约500米在月台路与紫石路交叉路口，通过时，路边停靠车辆，司机变道未观察行人情况，未看到该员工，导致碰撞，后第一时间被送往合肥市第二人民医院救治，诊断结果未左足跖骨骨折，需对踝足支架固定休养，目前交通责任认定书已下，对方司机全责； | I193: 细分拉扫员 | J193: 场外交通类 | L193: 无责 | M193: - | O193: 否 | P193: 否
A194: 193 | B194: 吝风雷 | C194: 陕西西安转运中心 | D194: 西北 | E194: =VLOOKUP(C194,#REF!,3,0) -> #REF! | F194: 45850 | G194: 8 | H194: 【事件中心】西安进港 【发生时间】25年7月12日17点左右 【事件经过】进港A班 交叉带拆包员工 ：吝风雷，工号: 1208296，拆包平台员工吝风雷操作中“中暑”，头晕，呕吐，全身无力，休息半小时一直未恢复，送去医院继续治疗。 | I194: 高温中暑、抽搐（无具体部位） | J194: 疾病类 | O194: 否 | P194: 否
A195: 194 | B195: 刘快快 | C195: 江苏江阴转运中心 | D195: 江苏 | E195: 中 | F195: 45850 | G195: 7 | H195: 2025年7月12日凌晨03时48分左右，员工刘快快在进港场地27号口正常操作卸货，永康网点司机在未放至止退器时进行2次挪动车辆后，导致该员工从车厢摔落至地面。后续司机拨打120急救送至医院救治。经江阴市人民医院诊断为双跟骨骨折，需手术治疗。 | I195: 前台卸车员 | J195: 摔伤类 | L195: 责任 | M195: 网点 | O195: 是 | P195: 是
...

Sheet 24年事故（安全侧）
A1: 序号 | B1: 时间 | C1: 省公司 | D1: 中心名称 | E1: 事故类型 | F1: 事故原因 | G1: 事故当事人 | H1: 事故简述 | I1: 上报人 | J1: 事故责任 | K1: 停工天数 | L1: 事故损失 | M1: 是否纳入安全考核 | N1: 备注
A2: 1 | B2: 45661 | C2: 上海 | D2: 上海转运中心 | E2: 交通事故 | F2: 场外 | H2: 2024年1月4日 18:10许，上海省公司客服管理部员工石莉华下班回家，骑电瓶车行至赵重公路/北青公路（重固加油站）位置，和一电瓶车发生碰撞事故。事故造成石莉华膝盖受伤，目前正在医院检查治疗。据石莉华描述已经报警，事故是对方责任。详细情况待警方证明和医院诊断报告为准。 | I2: 徐小兵 | J2: 意外事故/无责任 | M2: 否
A3: 2 | B3: 45661 | C3: 京津冀 | D3: 天津转运中心 | E3: 交通事故 | F3: 场外 | H3: 夜班员工杨雪梅（佩戴头盔）骑电动车带王晓静下班回家正常骑行时与逆行过来的电动三轮车相撞，据杨雪梅描述相撞前已看到对方车辆试图躲避多次躲避后还是相撞，后报警处理，因对方逆行交警判对方全责，医院出具诊断结果俩人均为肌肉损伤及皮外伤。 | I3: 卜海鹏 | J3: 意外事故/无责任 | M3: 否
A4: 3 | B4: 45666 | C4: 广东 | D4: 中山转运中心 | E4: 治安事件 | F4: / | H4: 下班后，在离转运中心正门约200米处（保安视线范围外），两当事人发生口角，随后李勇文将黄柠华推倒到草地拿起石头砸其头部，整个过程持续近一分钟；7:41分员工路过通知晚班主管王剑康，王剑康马上赶往现场，并要求保安封锁现场拨打120、报警等，随后通知中心经理、人资、安全马上赶往现场，120到现场后确认，黄柠华当场死亡。 | I4: 李振楠 | J4: 意外事故/无责任 | M4: 否 | N4: 刑事案件
A5: 4 | B5: 45671 | C5: 广东 | D5: 广州转运中心 | E5: 人伤事故 | F5: 夹伤 | H5: 2024年1月14日10:35中班前台卸货员唐晓端，工号（1162695）由于一个箱子面单未朝上，在卸货口翻面单时，手随着包裹而动，小拇指不慎卷入伸缩机与皮带交接口，他立即拔出，导致小拇指末端指甲和肉脱离，现场管理第一时间将其送往南方医院治疗并上报经理 | I5: 李振楠 | J5: 个人责任事故 | M5: 是 | N5: 缺少安全警示标识
A6: 5 | B6: 45672 | C6: 江苏 | D6: 江阴转运中心 | E6: 意外事故 | F6: 突发疾病 | H6: 2024年1月15日晚上04:33分，江阴转运中心员工谢良敏，在车间西北角位置（出港装货阜阳线）下扶梯打扫卫生时，突然身体不适（疑似癫痫），头晕开始原地转圈，不慎跌倒。随后滚落月台，导致肩膀骨折。 | I6: 卢桂龙 | J6: 意外事故/无责任 | M6: 否
A7: 6 | B7: 45673 | C7: 川藏 | D7: 成都转运中心 | E7: 意外事故 | F7: 突发疾病 | H7: 2024年1月16日早上员工张龙成在走路下班途中（不明原因）倒在简阳石桥够夫人羊肉汤店附近，路人发现并根据员工工牌拨打我司杨文军班长电话同时拨打120送往简阳中医院，在1月16日上午在简阳市中医院进行手术抢救（脑出血开颅手术）至今人员尚未苏醒。 | I7: 李月阳 | J7: 意外事故/无责任 | M7: 否
A8: 7 | B8: 45673 | C8: 山西 | D8: 太原转运中心 | E8: 人伤事故 | F8: 摔伤 | H8: 该员工于1月15日下午17:41分左右，在申通快递有限公司太原分公司食堂后厨因工作需要去检查工作时，因食堂做饭期间，地面有水较滑而摔倒，导致左脚部大拇指受伤，随后前往太原市第二人员医院，被诊断为左足酶趾末节趾骨骨折。 | I8: 席根慧 | J8: 管理责任事故 | M8: 否 | N8: 场地原因
A9: 8 | B9: 45674 | C9: 广东 | D9: 龙华集散中心 | E9: 人伤事故 | F9: 撞伤 | H9: 事故详细经过：员工在拉包时发现有货物包件重叠，在取上层包件时，用力过猛，右手脱手，致使右手中指撞像上层流水线支撑柱焊接处，造成右手中指手筋划伤。 | I9: 李振楠 | J9: 个人责任事故 | M9: 否
A10: 9 | B10: 45676 | C10: 川藏 | D10: 南充转运中心 | E10: 交通事故 | F10: 场外 | H10: 员工下班后回家，骑电瓶车直走路过路口，因小车倒车，惊吓导致摔倒 | I10: 李月阳 | J10: 意外事故/无责任 | M10: 否
A11: 10 | B11: 45678 | C11: 川藏 | D11: 成都转运中心 | E11: 交通事故 | F11: 场外 | H11: 夜班二楼自动化员工胡明贵、刘素莲在下班途中骑行电动摩托车在简阳市石桥人民法院周边被逆行轿车撞伤，人员受伤第一时间拨打120送往简阳市人民医院 | I11: 李月阳 | J11: 意外事故/无责任 | M11: 否
A12: 11 | B12: 45681 | C12: 东北 | D12: 长春转运中心 | E12: 意外事故 | F12: 突发疾病 | H12: 7. 2024年1月23日休息，2024年1月24日6点半上班，6点40-50在车间女厕所晕倒，早上9点半左右同步至人资，人资建议拍片检查，下午16：:30点同步至安全员处，17:00员工拿着医生诊断到人资，门牙卡掉（一颗缺失一半，另外一个松动，医院拍片诊断，神经受损，牙折，晕倒原因：疲劳过度）厕所没有监控，无现场视频。 | I12: 杨贺 | J12: 意外事故/无责任 | M12: 否
A13: 12 | B13: 45684 | C13: 京津冀 | D13: 石家庄转运中心 | E13: 交通事故 | F13: 场外 | H13: 2024年1月27日00:30下班吃饭时间，装车16班班长杜炳辛驾驶私家车，搭载装车19班员工闫彩茹、装车15班员工闫紫珊三人由南向北行驶至和谐街与南车路交叉口处与由东向西行驶的水泥罐车发生碰撞。 一死二伤。 | I13: 卜海鹏 | J13: 意外事故/无责任 | M13: 否
A14: 13 | B14: 45685 | C14: 贵州 | D14: 贵阳转运中心 | E14: 人伤事故 | F14: 摔伤 | H14: 2024年1月27日晚21时15分，员工杨德虎在出港上班期间，外出抽烟在返岗途中，因场地外在下雨，返岗途中踩到积水不慎摔倒，摔倒后头部撞至楼梯踏步棱角处造成此次事故的发生，事故发生后该员工意识清醒，立即到卫生间查看受伤情况，并立即上报当班主管代宏杰，主管到现场了解情况后立即开车送杨德虎至龙里县人民医院进行检查处理，后医院诊断结果为： 1.额部皮下软组织稍肿胀，颅脑CT平扫未见明显脑挫伤及骨折征象，请结合临床，必要时复查； 2.颈椎退行性变，颈椎CT平扫未见明显骨折征象，请结合临床，必要时复查。 | I14: 黄锦 | J14: 意外事故/无责任 | M14: 否 | N14: 场地原因
A15: 14 | B15: 45686 | C15: 广东 | D15: 揭阳转运中心 | E15: 人伤事故 | F15: 砸伤 | H15: 2024年1月29日早晨7点55分，揭阳进港潮阳线平台底下堵件，员工（吴沛锐）下去帮忙疏通，在疏通过程中未能辨识出上方货物掉落风险，导致上方货物掉下砸到头部，现场管理员杨安乐开车送员工到揭东区妇幼保健院进行检查，检查结果为头皮裂伤，保健院出示的诊疗意见是住院治疗。 | I15: 李振楠 | J15: 意外事故/无责任 | M15: 否
A16: 15 | B16: 45688 | C16: 东北 | D16: 哈尔滨转运中心 | E16: 人伤事故 | F16: 摔伤 | H16: 2024年1月31日，因供包台员工上报供包台出现问题，进港白班交叉带班长张国春， 在进入供包台下跨梯时左侧肋骨杠到栏杆上， 因疼痛，中心第一时间送到平房区二四二医院进行检查，拍片确诊为胸壁搓伤， | I16: 杨贺 | J16: 意外事故/无责任 | M16: 否
A17: 16 | B17: 45690 | C17: 广东 | D17: 广州转运中心 | E17: 交通事故 | F17: 场外 | H17: 2024年2月2日13:30中班自动化供件员康春红（工号：1171392）下故班骑电动车在新耀北路33号撞上路边停放的货车，因为当班班长离职， 概员工并未及时上报，自己报警后到医院就医，诊断结果为唇部、牙齿损 述 伤，交通事故责任认定书已出，员工负主要责任，司机负次要责任 | I17: 李振楠 | J17: 意外事故/无责任 | M17: 否
A18: 17 | B18: 45705 | C18: 浙江 | D18: 台州转运中心 | E18: 人伤事故 | F18: 摔伤 | H18: 2024年2月17日21点43分操作主管毛连炳在人工线进行拉错件时，不慎脚底踩空摔落，我司第一时间将其送往台州市第一人民医院，经医生诊断为左肋骨骨裂，需住院进一步观察。因伤势较轻，预估费用1500，住院产生费用自理。 | I18: 陆梦丽 | J18: 个人责任事故 | M18: 否
A19: 18 | B19: 45707 | C19: 上海 | D19: 浦东转运中心 | E19: 治安事件 | F19: / | H19: 两当事人男女朋友关系，2 月 16 日主管王华明联系过当事人赵扎袜未联系上，17 日主管王华明安排喻莎莎去上海南汇工业园区 浦东新区汇成路859号出租屋找敲门没反应，19 日再次安排喻莎莎去出租屋找发现：两当事人赵扎袜、王燕在出租屋内已经死亡，喻莎莎报警，惠园派出所出警，民警到现场进行刑事侦查，具体死因及时间待警方调查，现场发现人员喻莎莎配合派出所做笔录；后续最新情况会第一时间同步输出。 | I19: 徐小兵 | J19: 意外事故/无责任 | M19: 否 | N19: 刑事案件
A20: 19 | B20: 45708 | C20: 河南 | D20: 郑州转运中心 | E20: 意外事故 | F20: 突发疾病 | H20: 2024年2月20日凌晨1:31时许，众悦人力（合作人力供应商，属临时工）装卸工何忠信，51岁，河南尉氏人（郑州中心附近）在装南宁车时身体突发不适，当场晕倒在车厢内，趴在快件上，无摔倒迹象。转运中心第一时间拨打120急救，医护人员1:50到中心给该工人急救，当时该工人心跳已经停止，随后宣布该工人死亡。家属随即赶到，目前当地派出所和省区人事在协调善后工作。 | I20: 李祥 | J20: 意外事故/无责任 | M20: 否 | N20: 三方劳务
A21: 20 | B21: 45713 | C21: 河南 | D21: 漯河转运中心 | E21: 人伤事故 | F21: 夹伤 | H21: 2024年2月25日10:29:10 漯河转运中心员工马文博，在进港3号库卸车口8号摆臂位置，在设备正常运转且未进行停机操作状态将手伸入检修口位置寻找个人物品，导致设备传动轴夹伤右手食指。 | I21: 李祥 | J21: 个人责任事故 | M21: 是 | N21: 个人违规
A22: 21 | B22: 45716 | C22: 江苏 | D22: 南通转运中心 | E22: 交通事故 | F22: 场外交通 | H22: 2024年2月28日中午12:05分，南通转运中心员工陶文友，在东门位置下班途中，骑电动车直行，货车车头右转时处在视野盲区，未发现该员工导致电瓶车撞倒切员工左腿骨折，该事故交警判为大车司机全责。 | I22: 卢桂龙 | J22: 意外事故/无责任 | M22: 否
A23: 22 | B23: 45722 | C23: 湖北 | D23: 武昌转运中心 | E23: 人伤事故 | F23: 砸伤 | H23: 中心扩建网点，安装隔离网增加格口，隔离网太重员工方进社主动帮忙抬隔离网，因作业空间较小后隔离网重心失衡挤压脚背至左脚骰骨骨裂。 | I23: 严飞 | J23: 意外事故/无责任 | K23: 25天 | L23: 1500 | M23: 否
A24: 23 | B24: 45724 | C24: 湖北 | D24: 武昌转运中心 | E24: 交通事故 | F24: 场内交通 | H24: 某员工在卸货口车辆倒车过程中，强行抢着从车辆与伸缩带之间穿过，结果导致被车辆积压在货厢与伸缩带之间 | I24: 严飞 | J24: 个人责任事故 | K24: 15天 | L24: 省区车队自行处理 | M24: 是 | N24: 车辆在场内夹伤员工
A25: 24 | B25: 45726 | C25: 江西 | D25: 南昌转运中心 | E25: 人伤事故 | F25: 卷伤 | H25: 2024年3月10日晚上19:48分，南昌转运中心员工王武群,在A2库dws扫描， 由于dws后端流水线堵货，员工在关闭流水线后去进行疏通的途中，有一节流水线摆轮设备异常未被关闭，导致员工踩踏上去之后摔倒头发卷入其中。 | I25: 舒自强 | J25: 管理责任事故 | M25: 是 | N25: 设备故障
A26: 25 | B26: 45726 | C26: 东北 | D26: 大连转运中心 | E26: 意外事故 | F26: 突发疾病 | H26: 2024年3月10日21:00大连转运中心管理人员于树军，在发车时间给沈阳车司机（李庆权）打电话发车3-4次电话未接通，长春车司机与沈阳车司机（李庆权）相熟去找沈阳车司机（李庆权），21:22分在沈阳车驾驶室内发现沈阳车司机（李庆权），叫其发车，未叫醒，21:23找到现场管理于树军到现场发现沈阳车司机（李庆权）有问题，叫来车队负责人李奇，确认情况，并拨打120急救中心和110报警，120到达现场确定死亡，目前正在等待医院和警方确定死亡 | I26: 杨贺 | J26: 意外事故/无责任 | M26: 否 | N26: 东北车队驾驶员不纳入考核
A27: 26 | B27: 45725 | C27: 福建 | D27: 闽南转运中心 | E27: 人伤事故 | F27: 摔伤 | H27: 3月9日20点40分左右，中心班长戴锦煌在进港办公室下面钢平台上扫描环保袋，因环保袋湿滑，导致不慎踩滑倒，磕到上二楼楼梯底下，至左颞发生受伤，约3.5cm | I27: 庄俊杰 | J27: 个人责任事故 | K27: 1天 | L27: 461 | M27: 否
A28: 27 | B28: 45727 | C28: 上海 | D28: 浦东转运中心 | E28: 火灾事故 | F28: 责任火灾 | H28: 2024年3月12日 04:40许，上海浦东转运中心2号宿舍楼504房间，发生自燃。详细经过：04:41中心员工李凡蓉发现504房间着火，打电话给中心人员吕立华，吕立华迅速赶到现场，现场浓烟明火已经到了门口窗口，迅速采取紧急措施，协调关闭电源，呼救报警。现场组织救援采取干粉灭火器扑救（使用10个），火势控制后使用消防栓将明火扑灭。随后通知消防救援人员火已经扑灭不要来了现场。消防部门回复救援人员已经到达，消防救援部门到达现场将封锁现场，事故原因待消防救援调查判定。 | I28: 徐小兵 | J28: 个人责任事故 | K28: 0 | M28: 是 | N28: 人员违规使用电器未拔开关
A29: 28 | B29: 45729 | C29: 广东 | D29: 揭阳转运中心 | E29: 人伤事故 | F29: 砸伤 | H29: 2024年3月13号早上八点左右，员工(林越茂)在揭阳转运中心进港卸货口工作时，被包裹砸伤脚趾，原因是包裹内部有铁制件，卸货时包裹掉落砸伤脚趾，现场主管滕国根发现后带受伤员工到揭东区人民医院进行治疗，诊断结果为脚趾骨折，医生在脚趾断裂处植入钢钉进行固定，同时员工需要住院治疗进行观察及恢复，现场主管滕国根垫付医药费3125元。后续调取监控，发现是在车厢内部，监控无法看到详细的画面，故无法提供有效的监控视频，另外，和受伤员工沟通时了解到，员工在卸货时，从上往下拉取包裹，拉取到中间时，员工并不知道包裹内部有铁制件，结果包裹滑落，导致脚趾被砸伤，员工本身并无任何违规行为。 | I29: 李振楠 | J29: 个人责任事故 | M29: 否
A30: 29 | B30: 45730 | C30: 江苏 | D30: 苏州转运中心 | E30: 人伤事故 | F30: 砸伤 | H30: 2024年3月13日早上05:39分，苏州转运中心进港1号线细分回流线员工邵刚兵（男53岁，工龄3年）进行分拣作业，过程中由于当时皮带机上积压货物较多，快件掉落砸至该员工脚面上。3月14日上午前往伊山湖医院治疗，医院诊断脚背骨裂。目前该员工正在前往苏州市吴中区人民医院拍片检查中。 | I30: 卢桂龙 | J30: 个人责任事故 | M30: 否
A31: 30 | B31: 45731 | C31: 广东 | D31: 增城转运中心 | E31: 人伤事故 | F31: 砸伤 | H31: 2024年3月15号早上5点32分左右，增城转运中心倒包平台员工李应军在二层倒包平台操作中，拉包时不慎将旁边重物带到，导致被包件旁边的铁制品重物砸伤脚背，随后班长发现后立即将该员工送到南方医院就诊，对受伤部位进行缝针，现已就诊完，经医生建议已回宿舍休息。 | I31: 李振楠 | J31: 个人责任事故 | K31: 3天 | L31: 1035 | M31: 否
A32: 31 | B32: 45732 | C32: 川藏 | D32: 南充转运中心 | E32: 人伤事故 | F32: 夹伤 | H32: 员工毛海艳，上班期间用手取被卡快件，夹伤左手无名指 | I32: 李月阳 | J32: 个人责任事故 | M32: 是
A33: 32 | B33: 45733 | C33: 广东 | D33: 增城转运中心 | E33: 人伤事故 | F33: 砸伤 | H33: 2024年3月17号晚上22:01分左右在装（增城一合肥一班车，皖AG5073）车的过程中因流水线货物一下子来的快没及时拿下来，整包货砸到小腿上，导致膝盖脱臼，韧带断裂。因是在车厢内部监控无法看到详细画面，故无法提供有效的监控视频。 | I33: 李振楠 | J33: 个人责任事故 | M33: 否
A34: 33 | B34: 45734 | C34: 江苏 | D34: 南通转运中心 | E34: 人伤事故 | F34: 摔伤 | H34: 2024年3月18日晚上20:20分，南通转运中心航空班次安徽中悦企业管理服事务有限公司员工翟节斌（男28岁），在航空出港青岛口位置装车过程中，货故车（山东车队车牌鲁AN1287主驾驶宋磊15141088138副驾台百龙15265253738）移动导致该员工从平台摔落，随后120赶往现场将其接走，经诊断右桡骨远端及尺骨茎突骨折，下尺桡关节间隙增宽需消肿后进行手术，该事故交警目前还在判中。 | I34: 卢桂龙 | J34: 个人责任事故 | M34: 是
A35: 34 | B35: 45735 | C35: 浙江 | D35: 杭州转运中心 | E35: 交通事故 | F35: 场外 | H35: 2024年3月19日00:40分，员工鲁先菊在上班路途中，在靖江场地东大门外（靖江街道青六南路加油站往北约100米丁字路口）被外卖员电瓶车逆行撞倒，后送往杭州市萧山区第二人民医院，诊断结果为颅内脑外出血，顶骨骨折， | I35: 王雪祥 | J35: 意外事故/无责任 | M35: 否
A36: 35 | B36: 45735 | C36: 西北 | D36: 西安转运中心 | E36: 意外事故 | F36: 突发疾病 | H36: 2024.3.19-08：56西安转运中心5号线细分拉件员袁拴牢操作扫描时感到身体不适未上报区域管理，头晕导致不慎将头部撞在临猗格口围栏立柱上，事后员工也未上报班组长只请假说头晕，班组长让回家休息，晚上11点左右员工感觉说话不清楚嘴巴扭曲，随即联系朋友送往咸阳市第一人民医院，经医院检查确诊为脑梗，3月20日中午14：00左右家属联系中心经理告知员工在医院治疗，中心安全约谈当班组长和当班现场员工了解情况并调取监控取证，配合省区人资赶往医院了解员工具体病情 | I36: 赵豪杰 | J36: 意外事故/无责任 | M36: 否
A37: 36 | B37: 45737 | C37: 浙江 | D37: 杭州转运中心-大江东 | E37: 人伤事故 | F37: 砸伤 | H37: 2024年03月21日早上08:58分，杭州转运中心员工（设备维养初级助理）李虎，在杭州转运中心-大江东园区机修仓库门口进行滚筒拆卸作业，与（设备维养初级助理）徐军合力放置已拆卸完滚筒时，徐军未通知李虎直接撒手导致滚筒砸落地面，李虎未反应过来右手被滚筒压在地面上，导致右手无名指骨折。 | I37: 王雪祥 | J37: 个人责任事故 | M37: 是
A38: 37 | B38: 45738 | C38: 川藏 | D38: 成都转运中心 | E38: 人伤事故 | F38: 摔伤 | H38: 车辆抵达卸货口后，员工卸货期间卸环保袋时旁边环保袋被带动导致一起掉落，砸到该人员身上，员工重心不稳跌落摔倒导致左桡骨静裂骨折，医生建议静养即可 | I38: 李月阳 | J38: 个人责任事故 | M38: 否
A39: 38 | B39: 45738 | C39: 福建 | D39: 闽南转运中心 | E39: 交通事故 | F39: 场内交通 | H39: 2024年3月22日02点43分左右，出港员工施小伟下班期间驾驶机动车在出港7-9号线场地外围通道撞向出港员工杨国民；目前受伤者情况：多处骨折；膝盖、腰椎、头部均有受伤。后续待医生3-23号进行CT拍片检查、26磁共振检查。 | I39: 沈鸿伟 | J39: 个人责任事故 | M39: 是
A40: 39 | B40: 45738 | C40: 江苏 | D40: 淮安转运中心 | E40: 人伤事故 | F40: 摔伤 | H40: 航空库细分扫描员：徐红芹，2024年3月22日00:30，在装货区6号圈扫描西安，中途去卫生间不慎从平台楼梯踩空，导致左手手腕受伤，当日立即送医。当天在淮安区山阳街道城东社区卫生服务中心检查诊断结果：左侧桡骨端骨折，实际医生反馈问题不大，建议休养一周，员工反馈并无大碍，并坚持要求上班。 | I40: 吕艾萍 | J40: 个人责任事故 | M40: 否 | N40: 迟报
A41: 40 | B41: 45739 | C41: 东北 | D41: 长春转运中心 | E41: 意外事故 | F41: 老鼠咬伤 | H41: 2024年3月23日，16点30，进港卸车口员工王伟栋在无面单库房倒筐，被筐里面的耗子挠伤。到医院医生诊断需要打5针狂犬育苗。 | I41: 于凯 | J41: 意外事故/无责任 | M41: 否
A42: 41 | B42: 45743 | C42: 福建 | D42: 泉州转运中心 | E42: 意外事故 | F42: 摔伤 | H42: 2024年03月27日中午12:38分，泉州转运中心试用工皮林洪在员工宿舍221号房间浴室内洗澡时滑倒摔伤随后送至医院，经医院医生确认诊断为左股骨近端骨折。 | I42: 曹伟龙 | J42: 意外事故/无责任 | M42: 否
A43: 42 | B43: 45743 | C43: 上海 | D43: 上海转运中心 | E43: 人伤事故 | F43: 摔伤 | H43: 2024.03.27晚21点24分，上海转运中心出港外围四组班长穆继磊，在送破损件去前端后经人工矩阵区走道回到班组区域，在下183号装货卡位站人平台楼梯时，最后两三步时不慎滑落在地，当时未见明显疼痛，但在上半夜班次结束时疼痛加剧，于是去青浦中山医院检查判定肋骨骨折错位。 | I43: 鲁邵冬 | J43: 个人责任事故 | M43: 否
A44: 43 | B44: 45743 | C44: 福建 | D44: 泉州转运中心 | E44: 人伤事故 | F44: 夹伤 | H44: 2024年03月28日中午20:14分，泉州转运中心正式工赵光荣（工号：1042802）在WDS岗位上班时间段，因卸货口7号流水线线上货物堵住，在按下设备停止键后确认设备关停上去疏通货物时，流水线设备摆轮突然启动，人员顺着设备流水线运行导致右手手指被缝隙处卡入，当班同事第一时间按住急停开关，并通知现场机修及班长主管，对缝隙处进行拆除后，主管先后把伤者送完医院治疗，根据医院医生诊断确认右手无名指骨折，需要做手术。具体手术费用和康复天数需等医院明确回复 | I44: 陈永锋 | J44: 意外事故/无责任 | M44: 否 | N44: 设备异常启动
A45: 44 | B45: 45746 | C45: 广东 | D45: 中山转运中心 | E45: 交通事故 | F45: 场外 | H45: 2024.3.30 新员工许贤刚，早上7:00下班路上正常行驶被车追尾（时间大概是7:15分左右），员工自述对方小车的全责，目前在中医院住院，暂无交警事故认定书。初步诊断(西医)：1.肋骨骨折2.头部的损伤3.胸部挫伤4.多处挫伤 | I45: 李京松 | J45: 意外事故/无责任 | M45: 否
A46: 45 | B46: 45748 | C46: 云南 | D46: 昆明转运中心 | E46: 人伤事故 | F46: 夹伤 | H46: 进港白班舒堂千2024年4月1号下午16点41分左右发生的事故经过，昆明进港交叉带小环西平台20-交叉带北区，员工舒堂千（手机号：13888946280，身份证号：530113199904134610）正常分拣过程中，由于快件掉入皮带机下滚轴区域夹缝处，员工清场发现此情况后未按照操作规定进行操作，直接用手去夹缝区域清件手直接伸入运行中的皮带滚轴转动区，在掏夹缝处快件时，手部不慎被滚轴夹伤，事故发生后当班主管立即开车将员工送往医院检查，经医生诊断为：手臂脱皮，已送医院，费用待诊断结果后出为主 | I46: 何龙江 | J46: 个人责任事故 | M46: 是
A47: 46 | B47: 45749 | C47: 东北 | D47: 长春转运中心 | E47: 人伤事故 | F47: 摔伤 | H47: 2024年4月2日1时47分左右，进港卸车口班组长管立国发现卸车口矩阵下货物堵塞，随后将上层传送带停机，走到堵塞位置查看情况，违规从上层传送带跳下，踩翻下层传送带货物，导致身体失衡跌落到地面受伤。经送医检查，诊断结果：左膝前交叉韧带断裂，内侧副韧带撕裂。入院手术治疗，手术以后需修养2个月左右，手术后韧带可恢复8成。 | I47: 于凯 | J47: 个人责任事故 | M47: 是
A48: 47 | B48: 45749 | C48: 广东 | D48: 广州转运中心 | E48: 交通事故 | F48: 场外 | H48: 2024年4月2日晚班市内1组新入职员工蒋星宇18:16分工号（1257672）在来上班路途中在原尚门囗骑电动车不小心撵到石头摔倒，手脚擦伤.目前在南方医院拍片结果无大碍.就是摔了一颗牙齿 | I48: 孙颖超 | J48: 意外事故/无责任 | M48: 否
A49: 48 | B49: 45754 | C49: 河南 | D49: 郑州转运中心 | E49: 交通事故 | F49: 场外 | H49: 2024年4月4日18:40时许，中心正式工张双红在上班途中，由土墙路东向西方向往金陵大道北向南方向左转，转至路口中间时被金陵大道北向南方向汽车撞倒，导致头部和膝盖受伤，所幸该员工正确佩戴安全头盔，损伤较小。员工当时为及时向班组长报告工伤情况，只是提交病假流程，4月7日上午10时许，因员工需继续请假，中心人事询问情况后才知晓该员工发生厂外交通事故，目前交管部门暂未出具事故鉴定报告。查，诊断结果：左膝前交叉韧带断裂，内侧副韧带撕裂。入院手术治疗，手术以后需修养2个月左右，手术后韧带可恢复8成。 | I49: 刘利洋 | J49: 意外事故/无责任 | M49: 否
A50: 49 | B50: 45755 | C50: 福建 | D50: 闽南转运中心 | E50: 人伤事故 | F50: 摔伤 | H50: 2024年4月8日11点34分许，中心异常组员张曼曼在洗手时因近期雨天天气影响地面湿滑不慎滑倒；目前受伤者情况：头部右侧受伤：一处约1.5cm伤口。中心第一时间发现送至医院CT拍片：头部未发现其他受伤,伤口缝2针，待休息一周拆线 | I50: 沈鸿伟 | J50: 个人责任事故 | M50: 否
A51: 50 | B51: 45758 | C51: 川藏 | D51: 成都转运中心 | E51: 交通事故 | F51: 场外 | H51: 2024年04月11日清晨大约6点左右，公司员工叶瑞强结束当天下班后，在返回宿舍的途中于一处红绿灯路口等待信号灯由红转绿（经叶瑞强本人确证，当时并未有任何移动，始终在原地等待绿灯通行）。然而，此刻，一辆社会机动三轮车突然撞向叶瑞强，事故现场三轮车的挡风玻璃及后视镜悉数破损。事故发生后，现场人员已第一时间分别拨打了交警和救护车的紧急联络电话。 | I51: 肖福根 | J51: 意外事故/无责任 | M51: 否
A52: 51 | B52: 45758 | C52: 广东 | D52: 揭阳转运中心 | E52: 交通事故 | F52: 场外 | H52: 2024年4月11日早上7点零四分左右，揭阳进港白班员工（廖义香）请电动车在上班途中被货车撞倒，到达现场时货车司机不在，疑似驾车逃逸，家属已经报警处理，受伤员工由家属送往揭东区人民医院进行治疗，经过医生诊断，已确认员工自身12根肋骨断裂，肺部也受到严重撞伤，下巴破皮出血，肩胛骨以及大腿处也受到不同程度的骨裂，同时大腿处不清楚被什么物品戳伤，导致大腿处有一处对穿伤口，手术后，经过医生和家属的沟通，目前员工转移到揭阳市人民医院进行后续治疗，因发生事故地点在场地外，中心无法提供监控视频，需要等交警部门进行调取，但是否可以调取到，需要等交警部门确认。 | I52: 张康煜 | J52: 意外事故/无责任 | M52: 否
A53: 52 | B53: 45759 | C53: 东北 | D53: 长春转运中心 | E53: 意外事故 | F53: 扭伤 | H53: 2024年4月12日22时00分左右，出港扫描员何文英在装车6号线2口位置倒包，因包裹较重，力量不够，导致崴脚。随后在车上休息至凌晨1点下班回家，4月13日早上7点左右起床，发现脚疼，走道困难，随后去医院进行检查，在下午15点30左右员工将结果同步至中心，在沟通过程中，伤者家属询问治疗以后的营养费，工资，护理费，想走自己的市医保加上单位的保险，没钱垫付。 | I53: 于凯 | J53: 意外事故/无责任 | M53: 否
A54: 53 | B54: 45763 | C54: 广东 | D54: 揭阳转运中心 | E54: 人伤事故 | F54: 摔伤 | H54: 2024年4月16日早上7点零六分五十三秒，揭阳转运中心进港白班员工（黄旭祥）在场地打扫卫生时（饶平网点公司司机在未确认车辆周围安全的情况下私自启动车辆），导致中心员工摔伤无法行走，现场班长王嘉豪发现后将受伤员工送往揭东区人民医院进行治疗，医生经过检查，诊断结果为：足部损伤，跟骨骨折，右足肿胀，局部压痛，医生拍片后，不太确定员工骨折是否属实，建议住院观察，但员工拒绝并表示自己要回家（居住地）治疗，班长王嘉豪开车送员工回到员工居住地附近的医院进行检查，并且帮忙垫付拍片的费用135元，后续调取监控，发现员工拿着吹风机在绕行伸缩机时，一只脚踩在甲板上，另一只脚刚踏入货车车厢后面，这时货车突然启动，导致员工摔伤。 | I54: 张康煜 | J54: 个人责任事故 | M54: 是
A55: 54 | B55: 45765 | C55: 川藏 | D55: 成都转运中心 | E55: 交通事故 | F55: 场外 | H55: 2024年4月1日清晨大约6点左右，白班卸货员李波，在前往工作岗位的途中，由于驾驶行为违规，选择了逆向行驶，从而不幸引发了一场与对面正常行驶的电动车相撞的交通事故。事故现场显示，双方电动车受到不同程度的损伤，同时，当事人李波也因此次碰撞事件，脚部部位受伤。 | I55: 肖福根 | J55: 意外事故/无责任 | M55: 否
A56: 55 | B56: 45765 | C56: 川藏 | D56: 成都转运中心 | E56: 人伤事故 | F56: 夹伤 | H56: 2024年4月18日下午五点左右，白班自动化供件员戢君（工号：1257521），在自动化O型异常件区域打扫卫生清场期间，扫把脱手掉在设备下，扫帚被皮带滚筒卡住，员工拾取扫帚，扫帚弹起导致手指卷入，最终右手食指被磨脱皮未出现骨折骨裂等现象，预计医疗费用1700左右。 | I56: 肖福根 | J56: 个人责任事故 | M56: 是
... A81: 80 | B81: 45805 | C81: 京津冀 | D81: 石家庄转运中心 | E81: 人伤事故 | F81: 摔伤 | H81: 2024年5月28日晚上01:38分，员工冯会云在出港59号供件台操作结束后，由爬梯向下走的过程中，脚不慎踩空，导致从爬梯摔落。01:39分员工刘世勉、赵晓扬发现后将该员工扶至空旷处，发现该员工左手背及右小臂有擦伤，随即通知了当班班长。01:45班长武学文观察过伤口后，报至当班主管。 2点左右，经当班主管观察伤口后，由班长武学文、员工吕飞亮带冯会云前往栾城区人民医院就医，经医生拍片观察后，确诊为左小臂开放性骨折。 经过后期与员工沟通和观看监控，初步确定为员工在通过爬梯通道时意外摔落。 | I81: 李维鑫 | J81: 个人责任事故 | M81: 否
A82: 81 | B82: 45806 | C82: 福建 | D82: 泉州转运中心 | E82: 交通事故 | F82: 场外 | H82: 2024年04月27日中午12:55分，泉州转运中心正式工吴满满（工号：1257566）在上班途中行驶到晋江市磁灶镇陶东路五金机电城路段时发生交通事故，吴满满后被送往磁灶中心卫生院就诊检查结果为右上颌窦前壁骨折右部皮下血肿，右颧部皮裂伤，右肘部软组织伤，此次交通事故判定该事故机动车车主全责，该我司员工无责。 | I82: 陈永锋 | J82: 意外事故/无责任 | M82: 否 | N82: 员工迟报
A83: 82 | B83: 45806 | C83: 浙江 | D83: 温州转运中心 | E83: 人伤事故 | F83: 摔伤 | H83: 员工梁纪涛在中心3号库1区前段上班，在错发件装车期间，站在月台边上操作，没站稳导致的摔落，随后送往龙湾区第一人民医院就诊，诊断结果为脚骨骨折。 | I83: 袁桥 | J83: 个人责任事故 | M83: 是
A84: 83 | B84: 45805 | C84: 江苏 | D84: 淮安转运中心 | E84: 交通事故 | F84: 场外 | H84: 华东出港员工宋四中年龄40，工号（010090138）2024年5月28日7:30被机动车撞伤后120送往淮安医院。出险地点，该员工5月28日1点下班之后在宿舍休息休息四个多小时，5:47从公司回家，据本人描述说路上电动车坏了，修了一会儿，7:50左右在淮安区高铁东站附近三阳大道与京沪高速交叉口被机动车撞伤后后备送120送往淮安医院，受伤的部位，腿部骨折，肋骨骨折，头部等门诊或住院的医院名称，淮安医院预计费用2万元，联系方式，15896152165。 | I84: 吕艾萍 | J84: 意外事故/无责任 | M84: 否
A85: 84 | B85: 45809 | C85: 东北 | D85: 盘锦转运中心 | E85: 意外事故 | F85: 施工火灾 | H85: 2024年6月1日18点30分出港员工发现正在拆除的进港老场地出现火光及浓烟，员工第一时间上报车间车管，出港车间主管立即带领员工及机修持灭火器进行灭火并上报至中心安全员， | I85: 杨贺 | J85: 意外事故/无责任 | M85: 否
A86: 85 | B86: 45813 | C86: 京津冀 | D86: 天津转运中心 | E86: 意外事故 | F86: 摔伤 | H86: 2024年5月25日15：35，员工霍海辉去园区内壹米滴答物流属区库房北侧吸烟，当天为雨天路面湿滑去吸烟室的路上不慎摔倒，当天员工感觉并无大碍（拒绝了班组长让去医院检查的提议，下班后员工去小门诊医院检查，大夫初步诊断为崴脚，建议休息两天就好，此后该员工请假休息）。6月4日感到不适到静海区医院检查为脚骨骨裂，医院建议休14天，6月4日晚该员工回老家保守治疗，6月5日再次到医院检查时医院建议采取手术治疗，预估治疗费用3~4万。 | I86: 孙阔 | J86: 意外事故/无责任 | M86: 否
A87: 86 | B87: 45813 | C87: 山东 | D87: 青岛转运中心 | E87: 意外事故 | F87: 突发疾病 | H87: 因为2024年6月5号19点上班时点名未到，打电话未接。安排班长去员工自租房子寻找，发现已没有意识，班长马上报警，120，随后班长跟着一起去医院，到达医院已无生命迹象。 | I87: 金章 | J87: 意外事故/无责任 | M87: 否
A88: 87 | B88: 45815 | C88: 东北 | D88: 长春转运中心 | E88: 人伤事故 | F88: 割伤 | H88: 2024年6月7日00：29，出港员工陶云霄在拆包平台使用壁纸刀拆包，不慎将手割伤，第一时间班组长将其送往医院，医生初步建议是，需要缝合，当晚无法缝合，进行简单包扎，班组长于2024年6月7日8：00将员工受伤信息同步至安全员处。于早上8点员工去往医院检查，8点58检查结果为左手食指肌腱，侧副韧带断裂，需要住院手术，预计手术费用1W左右，后续费用待跟进。 | I88: 杨贺 | J88: 个人责任事故 | M88: 否
A89: 88 | B89: 45814 | C89: 京津冀 | D89: 保定转运中心 | E89: 交通事故 | F89: 场外 | H89: 2024年6月6日上午，员工崔钰柳骑电动车下班回家途中，9点20行驶至屯庄村时被逆行骑电三轮老两口（60多岁）撞伤，现在员工在徐水区医院治疗，事故具体原因交警正在核实中。 | I89: 康红涛 | J89: 意外事故/无责任 | M89: 否
A90: 89 | B90: 45820 | C90: 上海 | D90: 上海转运中心 | E90: 人伤事故 | F90: 砸伤 | H90: 2024年6月12日凌晨03:30分，上海转运中心员工王均露，在三楼进港卸货33号码头车厢内位置进行卸车作业时，由于卸货操作对隐患快件识别不及时。在卸一件包状快件时，包下一件铁块快件掉下砸伤员工王均露脚，造成跖骨骨折开放性伤口（卸货车线：泰州→上海81240717025），目前在青浦中山医院救治（住院押金5000） | I90: 鲁绍冬 | J90: 个人责任事故 | M90: 否
A91: 90 | B91: 45820 | C91: 广东 | D91: 增城转运中心 | E91: 交通事故 | F91: 场外 | H91: 2024年6月12日早上8点35分左右，增城转运中心出港晚班员工（蒋忠宣、龙杰）骑摩托车下班途中，经过宁西高速路口时与电动车相撞，造成两名员工一人重伤，一人轻伤。原因是两名员工下班途中，正常直行，对方骑电动车突然斑马线上横穿，经过打喇叭提醒无用，被电动车顶到前胎导致侧翻，我方员工均佩戴头盔，未有闯红灯行为。现场班长王细平及主管韦军接到消息第一时间将受伤员工送往广东省水电医院进行治疗、拍片，经过医生的检查，诊断结果为：员工蒋忠宣为右臂肩胛骨粉碎性骨折，胸前右侧第10根肋骨骨折，与医生商量后决定进行手术与治疗；员工龙杰目前正在检查，经员工自述存在头晕，扭伤的可能。 | I91: 覃杰敏 | J91: 意外事故/无责任 | M91: 否
A92: 91 | B92: 45820 | C92: 川藏 | D92: 成都转运中心 | E92: 人伤事故 | F92: 夹伤 | H92: 2024年6月12日凌晨3点30分，晚班后台装车员曾兴在伸缩机前端将包件挪至旁边的过程中，因包件过重而将右脚踩在滚轴处，结果不慎被皮带机卷入。 | I92: 肖福根 | J92: 个人责任事故 | M92: 是
A93: 92 | B93: 45820 | C93: 广东 | D93: 揭阳转运中心 | E93: 交通事故 | F93: 场外 | H93: 2024年6月12日早上8点55分，揭阳转运中心员工（林旭生）下班后骑摩托车（非电动车）回家途中（锡场镇金东岭华清村神子安路段）被车辆撞伤，现已经送往锡场人民医院进行治疗，现场主管林泳涛以及班长林荣亮第一时间赶往医院看望受伤员工，经过了解，员工目前已经做完CT，头部有包扎，但头部内部是否有损伤还需要等报告出来才能知道，另外，受伤员工反映手脚并无骨折，只是手脚酸痛，疑似发生意外时肌肉收缩和神经紧张导致，后续需要接受住院治疗，后续费用待定，和家属沟通时，家属已经支付费用2000多元，同时家属已经报警，具体是谁的责任目前待了解，处理结果需要等待交警部门出具报告。 | I93: 张康煜 | J93: 意外事故/无责任 | M93: 否
A94: 93 | B94: 45820 | C94: 重庆 | D94: 重庆转运中心 | E94: 人伤事故 | F94: 摔伤 | H94: 2024年6月12日凌晨4点49分49秒左右，重庆转运中心出港员工黄吉才在申通重庆转运中心出港15号线装货时，因车辆启动发车，黄吉才在看到流水线有件从线体上流过来，便去将流过来的件进行装车，由于车辆启动导致黄吉才重心不稳从伸缩机掉落下月台，下班后去往巴南区人民医院治疗 | I94: 张翅翔 | J94: 个人责任事故 | M94: 是
A95: 94 | B95: 45823 | C95: 湖南 | D95: 常德转运中心 | E95: 人伤事故 | F95: 摔伤 | H95: 2024.06.15凌晨5点11分，进港卸货车辆（申瑞浙A0Y086）卸车后，中心员工在将伸缩机撤回平台时，员工朱正平进入车厢内捡拾遗漏在伸缩机下的小件，捡件后返回钢平台走到车辆接驳位置时，车辆突然往前开动，导致员工朱正平从车厢掉下，经送医检查后，诊断结果为，左胸两根肋骨骨折，医院初步估计治疗费用在1万元左右，且治愈后，可能还需修养2-3个月。 | I95: 孙明杰 | J95: 个人责任事故 | M95: 是 | N95: 车队
A96: 95 | B96: 45825 | C96: 京津冀 | D96: 天津转运中心 | E96: 人伤事故 | F96: 摔伤 | H96: 2024年6月17日晚，进港夜班员工孟玮玮因工作原因借调给出港装车线翻面单，从出港装车二线102号口去103号口翻面单，因中间是伸缩机正在装车需要从车里绕一圈才能到103号工作岗位上，在这个过程中，走到车和装车台缝隙的时候没注意脚下，一脚踩空人掉到装车台下边，第一时间把人扶上来说没啥事就是脚扭了，当时去医院拍片检查，第五跖骨头骨折（诊断证明建休7天）操作主管与员工沟通休息几天后来公司上班安排至安检机作业。员工本人同意，但于6月24日员工的‘朋友’带着员工儿子前来公司索要说法，为什么没有给我们缴纳社保？并要求做工伤鉴定。 | I96: 孙阔 | J96: 意外事故/无责任 | M96: 否 | N96: 6.26迟报
A97: 96 | B97: 45827 | C97: 福建 | D97: 福州转运中心 | E97: 人伤事故 | F97: 摔伤 | H97: 2024年06月19日晚上23:25分，福州转运中心正式工宋佳豪（工号：1253611）在破损处理岗位上班时间段，想去K40隔口进行破损件核实重量。但是中间堆满了快件，员工为了走捷径，从平潭隔口往下跳跃月台。月台下方放有塑料垫托板，导致人员被绊倒摔伤。及时送往福州第三人民医院进行诊断检查：右外踝骨折，暂时医疗费用381元，员工已打石膏回家修养，后续需要复查修养治疗费用。为防意外，谨做工伤报备！ | I97: 刘家林 | J97: 个人责任事故 | M97: 是
A98: 97 | B98: 45830 | C98: 京津冀 | D98: 天津转运中心 | E98: 人伤事故 | F98: 摔伤 | H98: 6月22日6点14分高洪兰上班途中，在中心一楼办公室门口楼梯处下楼梯时崴脚，当时员工感觉并无大碍并未告知现场组长，6月22日18：00下班后去天津市静海区医院检查，经检查右足第5跖骨基底部骨折，6月23日员工请假，6月24日开班前员工电话告知组长自己骨折不能正常上班。目前人员在家休养。 | I98: 孙阔 | J98: 意外事故/无责任 | M98: 否
A99: 98 | B99: 45831 | C99: 江苏 | D99: 泰州转运中心 | E99: 人伤事故 | F99: 夹伤 | H99: 2024年6月23日下午15：07分左右，中集德立物流系统有限公司（简称：设备厂家）一行3人至泰州场地调试设备，其公司员工江方永（男25岁左右，重庆人，)，在A3一层窄带设备区域作业过程中，设备突然反向运行导致江方永在设备上跌倒，随后左脚被卷入设备。15：10左右现场人员拨打急救电话及报警，当班物业管理肖明生及保安协同急救人员救治伤员，15：30分左右救护车离园至泰州市人民医院，16：20警方调取视频并告知伤员已被转至上海进行截肢手术。18:00向省区上报该起事件（注：1.中心反馈：设备厂家进入园区作业前，中心有组织安全培训。受伤人员为厂家6月21日新进人员，未同步中心；2.设备厂家人员调试设备期间泰州转运中心无班次作业；3.设备厂家负责人反馈：负责对此事件兜底）。事故具体原因进一步调查中。 | I99: 卢桂龙 | J99: 意外事故/无责任 | M99: 否 | N99: 三方
A100: 99 | B100: 45833 | C100: 东北 | D100: 长春转运中心 | E100: 人伤事故 | F100: 摔伤 | H100: 2024年6月25日14：38，进港员工方霞在进港1号库2层南侧通道自动化集包平台去往对向平台途中，由于着急上岗，跑动到台阶前时，没有掌握好步调，不小心摔倒，小腿嗑在平台步梯台阶处，造成小腿受伤，随后立即送员工前往医院，医生初步诊断为需要住院，详细检查并手术缝合，押金2W，后续费用待跟进。受伤情况、诊断报告及相关材料需要医生检查结束跟进。 | I100: 于凯 | J100: 意外事故/无责任 | M100: 否
A101: 100 | B101: 45834 | C101: 内蒙 | D101: 呼和浩特转运中心 | E101: 人伤事故 | F101: 扭伤 | H101: 2024年6月26日晚上21:22分，呼市转运中心的员工冯茂，在石家庄装货口操作时，欲搬运落地快件至伸缩机的过程中，因未严格遵守操作规程，违规踩踏快件至另一端，且未充分确认脚下快件是否稳固，导致左脚不慎扭伤。次日经医生拍片诊断为左足韧带损伤，建议石膏固定，静养30日。 | I101: 王洪亮 | J101: 个人责任事故 | M101: 是
A102: 101 | B102: 45837 | C102: 河南 | D102: 洛阳转运中心 | E102: 交通事故 | F102: 场外交通 | H102: 2024年6月29日早07：50分左右，洛阳转运中心员工姚俊峰下班后驾驶非机动车回家途中，于洛阳市孟津区三彩大道定鼎大道交叉口自南向北行驶时与同向行驶的三轮车碰撞发生事故，双方车辆受损，姚俊峰受伤。因交通事故责任认定书未出，根据员工自述其为正常行驶但涉事三轮车驾驶员否认碰撞，交警现场勘察之后反馈交通事故责任认定书需下周一判定下发。姚俊峰目前已送往洛阳市孟津区中医院救治，经诊断为：左侧颞骨骨折，左侧锁骨骨折。 | I102: 孙雪静 | J102: 意外事故/无责任 | M102: 否
A103: 102 | B103: 45835 | C103: 东北 | D103: 沈阳转运中心 | E103: 交通事故 | F103: 场外交通 | H103: 2024年6月27日19:27分左右，沈阳转运中心员工胡广娴 在下班途中骑电动车与轿车车主在开车门时发生交通事故，胡广娴受 伤，后去医院检查，锁骨骨折，皮肤撕裂，右眼挫伤，交通部门认定 司机全责。目前员工在医院做手术治疗。 | I103: 苏广旭 | J103: 意外事故/无责任 | M103: 否
A104: 103 | B104: 45840 | C104: 东北 | D104: 哈尔滨转运中心 | E104: 人伤事故 | F104: 中暑 | G104: 高鹤 | H104: 员工家属口述：2024年7月2日，10点21分17秒，员工高鹤在A库2楼交叉带下包格口186号，套袋子过程中，晕倒，同事发现晕倒人员上报班长，当班班长合力在10点27分抬到通风处，并拨打120，10点47分120车到拉往242医院。 | I104: 陈宗海 | J104: 意外事故/无责任 | M104: 否
A105: 104 | B105: 45840 | C105: 东北 | D105: 长春转运中心 | E105: 人伤事故 | F105: 砸伤 | G105: 张金龙 | H105: 2024年7月2日19：52，出港员工张金龙在出港装车区 5号线3口扫描，由于线体货量较多，靠近员工一侧快件（后期核实件内为铁块）掉落砸到员工脚趾，造成受伤，随后立即送员工前往医院，医生初步诊断为右足第一趾远节趾骨骨折伴周围软组织肿胀，需要石膏固定，费用在3000左右，并定期复查及口服用药，预计费用在5000左右，需修养2-3月左右，剩余资料需要后续提供， 现员工需要受伤赔偿7，8W，工资正常开。 | I105: 张金龙 | J105: 意外事故/无责任 | M105: 否
A106: 105 | B106: 45841 | C106: 福建 | D106: 闽南转运中心 | E106: 人伤事故 | F106: 割伤 | G106: 朱艳聪 | H106: 2024年7月3日22：30分许，进港晚班员工朱艳聪在1号机卸货口卸快件欲将快件上流水线时，由下至上搬件过程中不慎割到车门铁皮发生受伤.诊断结果为：右手肌腱断裂。 | I106: 沈鸿伟 | J106: 意外事故/无责任 | M106: 否
A107: 106 | B107: 45842 | C107: 福建 | D107: 闽南转运中心 | E107: 人伤事故 | F107: 割伤 | G107: 马艺玲 | H107: 2024年7月4日00:17分许，出港自有员工马艺玲，在10号单件分离疏通货物时，其重心左脚站平台栏杆支撑身体平衡右脚站滑槽， 在疏通完货物后欲转身离开不慎左脚被割伤。 | I107: 沈鸿伟 | J107: 个人责任事故 | M107: 是
A108: 107 | B108: 45843 | C108: 江苏 | D108: 苏州转运中心 | E108: 意外事故 | F108: 中暑 | G108: 柳盈 | H108: 2024年7月5日上午11:36分，苏州转运中心进港二楼人工小件区 员工柳盈工号：1273891、岗位：人工细分分拣员（女24岁，2024 年6月25日入职）在工作期间因二楼室温较高不幸中暑，当时柳盈 还能说话能小弧度的动作意识，经该区域的同事李澳强及其他同事 发现后利用移动平板车将柳盈送至二楼办公室（有空调房间）进行 物理降温：喝半支藿香正气水（又吐了出来）、用冰雪糕、毛巾沾凉 水后擦拭身体、用纸板扇风降温等（但这时该员工已经没有了自我 控制意识），同时也拨打了120急救电话。苏州市独墅湖医院的救护 车大约在12:10分左右到达中心、随后由中心兼职安全员孙红胜陪 同前往独墅湖医院急救。目前该员工确诊为：中暑热射病，体温 41度、血压很低（医生未透露）、目前已送至ICU病房，具体是否 能够抢救回来医院也未做明确的回复。目前已交费用大约25000元 | I108: 孙红胜 | J108: 意外事故/无责任 | M108: 否
A109: 108 | B109: 45845 | C109: 江苏 | D109: 泰州转运中心 | E109: 意外事故 | F109: 中暑 | G109: 樊彦静 | H109: 2024年7月7日上午9:29分，泰州转运中心进港二楼人工小件区 员工樊彦静工号：1195104、岗位：自动化供件员（女36岁，2023 年2月27日入职）在工作期间因二楼室温较高不幸中暑，当时樊彦 静未第一时间通知班长，自行坐下喝水休息，经隔壁供件台的同事 发现后9:34通知班长，班长到场后询问员工情况后，9:38将员工 架到平台1层（有冷风机）进行物理降温，用毛巾沾凉水后擦拭身 体，员工情况未好，9:45分转拨打120急救电话。泰州市第四人民 医院的救护车大约在9:58分左右到达中心、随后由后勤负责人肖明 生陪同前往第四人民医院急救。目前该员工确诊为：轻度中暑，点 滴注射治疗。共计花费930元。 | I109: 曹大成 | J109: 意外事故/无责任 | M109: 否
A110: 109 | B110: 45847 | C110: 广东 | D110: 中山转运中心 | E110: 交通事故 | F110: 场外交通 | G110: 帅先文 | H110: 2024年7月9日18:50分左右，进港晚班后台员工帅先文上班途中，骑电动车（正确佩戴头盔） 被社会摩托车撞到受伤，随即送到西区医院治疗，诊断为左髌骨粉碎性骨折，左股骨外上髁撕 脱性骨折。 | I110: 李桂秋 | J110: 意外事故/无责任 | M110: 否
A111: 110 | B111: 45848 | C111: 湖北 | D111: 武汉转运中心 | E111: 人伤事故 | F111: 摔伤 | G111: 杨泉 | H111: 2024年7月10号6点37分时，员工杨泉在武汉-出港5成都装车位置发现一票快件未扫描装车，他在已经下达发车指令后，自己扫描将快件上车的过程中，自己上到伸缩机前端进行装货，一只脚踩在伸缩机上另一只脚踩在车厢的货物上，正在这时车辆启动，造成他从伸缩机掉到月台下方导致1、闭合性颅脑损伤2、颅骨骨折3、双侧桡骨骨折4、腕骨骨折5、头面部裂伤6、L2椎体变扁：压缩性骨折7、肋骨骨折 | I111: 李聪 | J111: 管理责任事故 | M111: 是
A112: 111 | B112: 45848 | C112: 川藏 | D112: 成都转运中心 | E112: 人伤事故 | F112: 夹伤 | G112: 陶用华 | H112: 2024年7月10晚上22：24左右，夜班前台卸车员工-陶用华（工号1144934），在简阳2库1层-出港倒货区-172装货期间发生夹伤，员工在伸缩机前端装车拉货时被滚轴夹伤手指，后立即送往简阳市中医院，医生初步检查疑似骨裂，建议休息三天后复查。 | I112: 彭黎 | J112: 个人责任事故 | M112: 是
A113: 112 | B113: 45852 | C113: 江西 | D113: 上饶转运中心 | E113: 人伤事故 | F113: 摔伤 | G113: 彭昌娜 | H113: 2024年7月14日凌晨3点10分，上饶转运中心员工彭昌娜，在交叉带供件台倚靠楼梯位置与他人闲聊，由设备护栏并未完善，且员工未将楼梯上方防护门关闭。员工自身安全意识不足，且聊天分散其注意力，导致脚下踩空从楼梯摔落，摔下平台，该员工当时意识是清晰的，外伤明显，30分钟左右120把该员工送往医院。 | I113: 舒自强 | J113: 个人责任事故 | M113: 是
A114: 113 | B114: 45854 | C114: 江苏 | D114: 江阴转运中心 | E114: 意外事故 | F114: 突发疾病 | G114: 刘白祥 | H114: 2024年7月16日晚上该员工在车厢进行卸货作业，于22时50分时间，出现身体不适感，不确定是中暑还是血压偏高引起。遂去食堂休息，休息片刻之后身体还是感觉不适，该员工就没有回到岗位，请假去宿舍休息。一直到17号晚上22时50分，该员工不适感加重送往医院。 | I114: 陶健 | J114: 意外事故/无责任 | M114: 否
A115: 114 | B115: 45857 | C115: 川藏 | D115: 成都转运中心 | E115: 交通事故 | F115: 场外交通 | G115: 王胜武 | H115: 2024 年 7 月 19 日 17 时 40 分许，我司员工王胜武（未取得机动车驾驶证）驾驶电动两轮摩托车与曾攀驾驶的川 AXP292 小型轿车发生碰撞，导致车辆受损、王胜武受伤。受伤后的王胜武仍返回公司上班，然而到 20 时，因疼痛难忍向现场管理请假回去。8月1日该名员工向人资递交材料，安全员知晓后立即联系现场班长，了解到该员工受伤事件未曾通知任何管理层人员。 | I115: 彭黎 | J115: 个人责任事故 | M115: 否
... A120: 119 | B120: 45865 | C120: 京津冀 | D120: 天津转运中心 | E120: 交通事故 | F120: 场外交通 | G120: 巩海龙 | H120: 7月27日，巩海龙下班途中与路口停放的挂车相撞，路过员工韦云龙发现后送医救治 | I120: 孙阔 | J120: 个人责任事故 | M120: 否
A121: 120 | B121: 45868 | C121: 山东 | D121: 青岛转运中心 | E121: 意外事故 | F121: 中暑 | G121: 孙大壮 | H121: 7月30日员工孙大壮中暑比较严重。18点左右在流水线旁晕倒，然后班组长和员工将其搀扶至空调房，观察十分钟未见好转，随后开车将其送往胶州中心医院，18点50到达医院，医院初步诊断为热射病，随后送到重症监护室治疗，7月31日早上4点病情加重，6点多医院确认死亡。 | I121: 黄振朋 | J121: 意外事故/无责任 | M121: 否 | N121: 热射病
A122: 121 | B122: 45870 | C122: 广东 | D122: 揭阳转运中心 | E122: 人伤事故 | F122: 摔伤 | G122: 林伟琪 | H122: 2024年8月1日下午6点25分。进港白班员工林伟琪在清场打扫 卫生的时候，由于事故区域无法进入，于是选择了从流水线上跳下（流 水线处于关停状态），跳的时候对自己的力度掌控不够导致了摔伤。 事情发生后现场班长和主管第一时间把受伤员工送到附近妇幼保健 院进行医疗检查。诊断结果：右侧胫腓骨中下段骨折。 | I122: 晏福华 | J122: 意外事故/无责任 | M122: 否
A123: 122 | B123: 45871 | C123: 上海 | D123: 浦东转运中心 | E123: 人伤事故 | F123: 夹伤 | G123: 鲁金成 | H123: 2024年08月02日早上08:17分许，上海浦东转运中心进港员工：鲁金成 13524010238，在进港3号库矩阵与同事徐兴波在执行清场任务后，发现上包线皮带防护底网内有快件。在未关闭设备的情况才写底网下尝试取出快件，导致于8:17手臂被卷入皮带机托辊，现场人员迅速反应，于8:17:58关停皮带机，同时通知现场主管、机修参与营救，8:26卸下滚筒和底网将员工鲁金成解救出来，立即在班长宋俊林、安全员苏国明的陪同下送医。经医院诊断为右腕软组织损伤和右桡骨远端骨折，现因伤口发炎不能做手术在医院住院观察治疗中。 | I123: 苏国明 | J123: 个人责任事故 | M123: 是
A124: 123 | B124: 45872 | C124: 江苏 | D124: 南京转运中心 | E124: 人伤事故 | F124: 摔伤 | G124: 杨大毛 | H124: 今天上午11:23许，南京转运中心一员工在清场过程中不慎从交叉带处跌落，导致受伤，目前该事件调查中，请知悉。 | I124: 晏兵 | J124: 个人责任事故 | M124: 是
A125: 124 | B125: 45873 | C125: 安徽 | D125: 合肥转运中心 | E125: 意外事故 | F125: 中暑 | G125: 王伟 | H125: 王伟，1120960，卸货口班长，现场协调卸车，8月4日上午10：27分中暑晕倒，现在在会议室休息 | I125: 陈伟松 | J125: 意外事故/无责任 | M125: 否
A126: 125 | B126: 45873 | C126: 安徽 | D126: 合肥转运中心 | E126: 意外事故 | F126: 中暑 | G126: 姚旭 | H126: 合肥中心上嘉临时工姚旭，中暑，正在送来会议室路上 | I126: 陈伟松 | J126: 意外事故/无责任 | M126: 否
A127: 126 | B127: 45873 | C127: 川藏 | D127: 成都转运中心 | E127: 人伤事故 | F127: 砸伤 | G127: 丁南聪 | H127: 2024 年 8 月 4 日上午 10 时 32 分，白班前台卸车员丁南聪（工号：1237408）于简阳进港 3 号卸货口卸倒货车期间，在拉包时不幸被车厢内上方掉落的货物砸伤。后去简阳市中医院治疗，最终诊断结果为左足第1节耻骨中远端骨折。 | I127: 彭黎 | J127: 意外事故/无责任 | M127: 否
A128: 127 | B128: 45874 | C128: 安徽 | D128: 合肥转运中心 | E128: 意外事故 | F128: 中暑 | G128: 李冲喜 | H128: 李冲喜，中暑，细分扫描1249126 半身麻木无知觉已经拨打120急救 | I128: 陈伟松 | J128: 意外事故/无责任 | M128: 否
...

Sheet Sheet11
B2: 上海公司 | D2: 赵扎袜 | E2: 否 | F2: 否 | G2: 5.327292e+17 | H2: 0 | I2: 上海南汇工业园区 浦东新区汇成路859号 | J2: 15925261823 | K2: 去世 | L2: 44629 | M2: 意外事故 | N2: 其他 | O2: 赵扎袜与中心另外一个员工王燕，两当事人男女朋友关系，中心2月8日、2月9日、2月16日联系过当事人赵扎袜没有联系上，17 日主管王华明安排喻莎莎去上海南汇工业园区 浦东新区汇成路859号出租屋找敲门没反应，19 日再次安排喻莎莎去出租屋找发现：两当事人赵扎袜、王燕在出租屋内已经死亡，喻莎莎报警，惠园派出所出警，民警到现场进行刑事侦查，具体死因及时间待警方 | P2: 是
B3: 上海公司 | D3: 王燕 | E3: 否 | F3: 否 | G3: 34042119950310362X | H3: 0 | I3: 上海南汇工业园区浦东新区汇成路859号 | J3: 17721307727 | K3: 去世 | L3: 45217 | M3: 意外事故 | N3: 其他 | O3: 王燕与中心另外一个员工赵扎袜，两当事人男女朋友关系，中心分别在2月8日、2月9日、2月16日联系过当事人赵扎袜没有联系上，17 日主管王华明安排喻莎莎去上海南汇工业园区 浦东新区汇成路859号出租屋找敲门没反应，19 日再次安排喻莎莎去出租屋找发现：两当事人赵扎袜、王燕在出租屋内已经死亡，喻莎莎报警，惠园派出所出警，民警到现场进行刑事侦查，具体死因及时间 | P3: 是
